class_id,support,precision,recall,f1
0,40,0.5,0.5,0.5
1,40,0.5319148936170213,0.625,0.5747126436781609
2,40,0.3617021276595745,0.425,0.39080459770114945
3,40,0.59375,0.475,0.5277777777777778
4,40,0.5294117647058824,0.45,0.48648648648648646
5,40,0.4358974358974359,0.425,0.43037974683544306
6,40,0.5121951219512195,0.525,0.5185185185185186
