class_id,support,precision,recall,f1
0,40,0.37142857142857144,0.325,0.3466666666666667
1,40,0.46153846153846156,0.6,0.5217391304347826
2,40,0.171875,0.275,0.21153846153846156
3,40,0.3939393939393939,0.325,0.35616438356164376
4,40,0.18181818181818182,0.1,0.12903225806451613
5,40,0.38333333333333336,0.575,0.4600000000000001
6,40,0.9285714285714286,0.325,0.48148148148148157
