class_id,support,precision,recall,f1
0,80,0.4421052631578947,0.525,0.48000000000000004
1,80,0.625,0.6875,0.6547619047619048
2,80,0.19607843137254902,0.125,0.15267175572519084
3,80,0.4915254237288136,0.3625,0.41726618705035967
4,80,0.3,0.15,0.2
5,80,0.3614457831325301,0.75,0.4878048780487804
6,80,0.5901639344262295,0.45,0.5106382978723405
