class_id,support,precision,recall,f1
0,40,0.23529411764705882,0.2,0.2162162162162162
1,40,0.09302325581395349,0.1,0.09638554216867469
2,40,0.43243243243243246,0.4,0.4155844155844156
3,40,0.19230769230769232,0.125,0.15151515151515152
4,40,0.14705882352941177,0.125,0.13513513513513511
5,40,0.10344827586206896,0.075,0.08695652173913043
6,40,0.14285714285714285,0.275,0.18803418803418803
