class_id,support,precision,recall,f1
0,40,0.4528301886792453,0.6,0.5161290322580645
1,40,0.5,0.5,0.5
2,40,0.24390243902439024,0.25,0.24691358024691357
3,40,0.4594594594594595,0.425,0.44155844155844154
4,40,0.3076923076923077,0.3,0.3037974683544304
5,40,0.35294117647058826,0.45,0.39560439560439564
6,40,1.0,0.475,0.6440677966101694
