class_id,support,precision,recall,f1
0,64,0.7,0.765625,0.7313432835820896
1,64,0.7936507936507936,0.78125,0.7874015748031497
2,64,0.5576923076923077,0.453125,0.5
3,64,0.5909090909090909,0.609375,0.6000000000000001
4,64,0.5666666666666667,0.53125,0.5483870967741935
5,64,0.625,0.703125,0.6617647058823529
6,64,0.6615384615384615,0.671875,0.6666666666666667
