class_id,support,precision,recall,f1
0,64,0.7878787878787878,0.8125,0.8
1,64,0.828125,0.828125,0.828125
2,64,0.6885245901639344,0.65625,0.672
3,64,0.7916666666666666,0.890625,0.8382352941176471
4,64,0.75,0.796875,0.7727272727272727
5,64,0.8269230769230769,0.671875,0.7413793103448276
6,64,0.8923076923076924,0.90625,0.8992248062015504
