class_id,support,precision,recall,f1
0,64,0.7230769230769231,0.734375,0.7286821705426355
1,64,0.6956521739130435,0.75,0.7218045112781954
2,64,0.6078431372549019,0.484375,0.5391304347826086
3,64,0.7352941176470589,0.78125,0.7575757575757576
4,64,0.6578947368421053,0.78125,0.7142857142857143
5,64,0.7288135593220338,0.671875,0.6991869918699187
6,64,0.8333333333333334,0.78125,0.8064516129032259
