class_id,support,precision,recall,f1
0,64,0.6,0.09375,0.16216216216216214
1,64,0.45454545454545453,0.078125,0.1333333333333333
2,64,0.14588859416445624,0.859375,0.2494331065759637
3,64,0.3548387096774194,0.171875,0.23157894736842105
4,64,0.0,0.0,0.0
5,64,0.125,0.015625,0.027777777777777776
6,64,0.625,0.078125,0.1388888888888889
