class_id,support,precision,recall,f1
0,40,0.5319148936170213,0.625,0.5747126436781609
1,40,0.7142857142857143,0.75,0.7317073170731706
2,40,0.1951219512195122,0.2,0.19753086419753088
3,40,0.4,0.35,0.3733333333333333
4,40,0.2553191489361702,0.3,0.2758620689655172
5,40,0.58,0.725,0.6444444444444445
6,40,0.7222222222222222,0.325,0.44827586206896547
