class_id,support,precision,recall,f1
0,64,0.6911764705882353,0.734375,0.7121212121212122
1,64,0.7727272727272727,0.796875,0.7846153846153846
2,64,0.7192982456140351,0.640625,0.6776859504132231
3,64,0.8620689655172413,0.78125,0.8196721311475409
4,64,0.7166666666666667,0.671875,0.6935483870967741
5,64,0.6666666666666666,0.6875,0.676923076923077
6,64,0.8356164383561644,0.953125,0.8905109489051095
