class_id,support,precision,recall,f1
0,64,0.7413793103448276,0.671875,0.7049180327868853
1,64,0.6710526315789473,0.796875,0.7285714285714285
2,64,0.4642857142857143,0.40625,0.4333333333333333
3,64,0.68,0.796875,0.7338129496402876
4,64,0.6557377049180327,0.625,0.64
5,64,0.6029411764705882,0.640625,0.6212121212121211
6,64,0.8888888888888888,0.75,0.8135593220338982
