class_id,support,precision,recall,f1
0,64,0.373134328358209,0.390625,0.3816793893129771
1,64,0.4027777777777778,0.453125,0.4264705882352941
2,64,0.4074074074074074,0.34375,0.37288135593220334
3,64,0.5373134328358209,0.5625,0.549618320610687
4,64,0.49206349206349204,0.484375,0.4881889763779527
5,64,0.32653061224489793,0.25,0.2831858407079646
6,64,0.4473684210526316,0.53125,0.4857142857142857
