class_id,support,precision,recall,f1
0,80,0.3625,0.3625,0.36250000000000004
1,80,0.7441860465116279,0.4,0.5203252032520326
2,80,0.2878787878787879,0.2375,0.2602739726027397
3,80,0.2777777777777778,0.0625,0.10204081632653061
4,80,0.21428571428571427,0.2625,0.2359550561797753
5,80,0.3409090909090909,0.5625,0.42452830188679247
6,80,0.35772357723577236,0.55,0.4334975369458129
