class_id,support,precision,recall,f1
0,64,0.765625,0.765625,0.765625
1,64,0.9180327868852459,0.875,0.8959999999999999
2,64,0.7413793103448276,0.671875,0.7049180327868853
3,64,0.847457627118644,0.78125,0.8130081300813008
4,64,0.6911764705882353,0.734375,0.7121212121212122
5,64,0.7727272727272727,0.796875,0.7846153846153846
6,64,0.8472222222222222,0.953125,0.8970588235294118
