class_id,support,precision,recall,f1
0,40,0.5283018867924528,0.7,0.6021505376344085
1,40,0.6,0.3,0.4
2,40,0.19047619047619047,0.1,0.1311475409836066
3,40,0.64,0.4,0.4923076923076923
4,40,0.28205128205128205,0.275,0.27848101265822783
5,40,0.3076923076923077,0.7,0.4274809160305344
6,40,0.7096774193548387,0.55,0.619718309859155
