class_id,support,precision,recall,f1
0,80,0.1319796954314721,0.325,0.18772563176895307
1,80,0.0,0.0,0.0
2,80,0.06976744186046512,0.0375,0.04878048780487805
3,80,0.1732283464566929,0.275,0.21256038647342995
4,80,0.0,0.0,0.0
5,80,0.13580246913580246,0.275,0.18181818181818182
6,80,0.0,0.0,0.0
