class_id,support,precision,recall,f1
0,80,0.42,0.525,0.4666666666666666
1,80,0.627906976744186,0.3375,0.43902439024390244
2,80,0.1893939393939394,0.3125,0.23584905660377356
3,80,0.36666666666666664,0.55,0.43999999999999995
4,80,0.18292682926829268,0.1875,0.1851851851851852
5,80,0.2549019607843137,0.1625,0.19847328244274812
6,80,0.65625,0.2625,0.37500000000000006
