class_id,support,precision,recall,f1
0,80,0.3392857142857143,0.2375,0.2794117647058824
1,80,0.36363636363636365,0.2,0.25806451612903225
2,80,0.3211009174311927,0.4375,0.37037037037037035
3,80,0.6052631578947368,0.2875,0.38983050847457623
4,80,0.2621359223300971,0.3375,0.2950819672131148
5,80,0.37719298245614036,0.5375,0.443298969072165
6,80,0.4791666666666667,0.575,0.5227272727272727
