class_id,support,precision,recall,f1
0,40,0.3275862068965517,0.475,0.3877551020408163
1,40,0.11764705882352941,0.2,0.14814814814814817
2,40,0.6,0.075,0.13333333333333333
3,40,0.0,0.0,0.0
4,40,0.16822429906542055,0.45,0.24489795918367346
5,40,0.3076923076923077,0.1,0.15094339622641512
6,40,0.13793103448275862,0.1,0.11594202898550725
