class_id,support,precision,recall,f1
0,80,0.4,0.4,0.4000000000000001
1,80,0.5714285714285714,0.3,0.3934426229508196
2,80,0.23648648648648649,0.4375,0.30701754385964913
3,80,0.3894736842105263,0.4625,0.4228571428571429
4,80,0.23214285714285715,0.1625,0.1911764705882353
5,80,0.34177215189873417,0.3375,0.339622641509434
6,80,0.3,0.225,0.2571428571428572
