class_id,support,precision,recall,f1
0,80,0.5,0.575,0.5348837209302325
1,80,0.75,0.4875,0.5909090909090908
2,80,0.31313131313131315,0.3875,0.3463687150837989
3,80,0.40476190476190477,0.425,0.41463414634146345
4,80,0.19333333333333333,0.3625,0.25217391304347825
5,80,0.42105263157894735,0.3,0.35036496350364954
6,80,0.6538461538461539,0.2125,0.32075471698113206
