class_id,support,precision,recall,f1
0,40,0.37662337662337664,0.725,0.49572649572649574
1,40,0.5277777777777778,0.475,0.5
2,40,0.425531914893617,0.5,0.4597701149425288
3,40,0.5652173913043478,0.325,0.4126984126984127
4,40,0.23076923076923078,0.075,0.11320754716981132
5,40,0.425531914893617,0.5,0.4597701149425288
6,40,0.4594594594594595,0.425,0.44155844155844154
