class_id,support,precision,recall,f1
0,40,0.25925925925925924,0.175,0.208955223880597
1,40,0.23529411764705882,0.4,0.29629629629629634
2,40,1.0,0.1,0.18181818181818182
3,40,0.0,0.0,0.0
4,40,0.19230769230769232,0.375,0.25423728813559326
5,40,0.0,0.0,0.0
6,40,0.13592233009708737,0.35,0.1958041958041958
