class_id,support,precision,recall,f1
0,64,0.7910447761194029,0.828125,0.8091603053435115
1,64,0.8571428571428571,0.84375,0.8503937007874015
2,64,0.7142857142857143,0.703125,0.7086614173228346
3,64,0.8333333333333334,0.859375,0.8461538461538461
4,64,0.7540983606557377,0.71875,0.7359999999999999
5,64,0.7857142857142857,0.6875,0.7333333333333334
6,64,0.8611111111111112,0.96875,0.911764705882353
