class_id,support,precision,recall,f1
0,40,0.23809523809523808,0.125,0.16393442622950818
1,40,0.5333333333333333,0.2,0.2909090909090909
2,40,0.2222222222222222,0.1,0.13793103448275865
3,40,0.33962264150943394,0.45,0.3870967741935484
4,40,0.25,0.2,0.22222222222222224
5,40,0.3333333333333333,0.2,0.25
6,40,0.18803418803418803,0.55,0.2802547770700637
