class_id,support,precision,recall,f1
0,64,0.3055555555555556,0.171875,0.22000000000000003
1,64,0.2222222222222222,0.03125,0.0547945205479452
2,64,0.42857142857142855,0.046875,0.08450704225352113
3,64,0.3548387096774194,0.171875,0.23157894736842105
4,64,0.17592592592592593,0.890625,0.29381443298969073
5,64,0.3157894736842105,0.09375,0.14457831325301204
6,64,0.6363636363636364,0.21875,0.3255813953488372
