class_id,support,precision,recall,f1
0,64,0.7,0.65625,0.6774193548387096
1,64,0.647887323943662,0.71875,0.6814814814814815
2,64,0.5892857142857143,0.515625,0.5499999999999999
3,64,0.6756756756756757,0.78125,0.7246376811594203
4,64,0.6935483870967742,0.671875,0.6825396825396826
5,64,0.6229508196721312,0.59375,0.608
6,64,0.75,0.75,0.75
