class_id,support,precision,recall,f1
0,40,0.5777777777777777,0.65,0.6117647058823529
1,40,0.7906976744186046,0.85,0.8192771084337349
2,40,0.23684210526315788,0.225,0.23076923076923078
3,40,0.5,0.375,0.42857142857142855
4,40,0.25806451612903225,0.2,0.22535211267605634
5,40,0.4583333333333333,0.825,0.5892857142857143
6,40,0.6190476190476191,0.325,0.42622950819672134
