class_id,support,precision,recall,f1
0,64,0.7846153846153846,0.796875,0.7906976744186046
1,64,0.8428571428571429,0.921875,0.880597014925373
2,64,0.717391304347826,0.515625,0.5999999999999999
3,64,0.7777777777777778,0.875,0.823529411764706
4,64,0.6901408450704225,0.765625,0.725925925925926
5,64,0.6774193548387096,0.65625,0.6666666666666667
6,64,0.9193548387096774,0.890625,0.9047619047619047
