class_id,support,precision,recall,f1
0,80,0.28846153846153844,0.1875,0.22727272727272727
1,80,0.4838709677419355,0.1875,0.2702702702702703
2,80,0.2868217054263566,0.4625,0.35406698564593303
3,80,0.5555555555555556,0.1875,0.2803738317757009
4,80,0.26582278481012656,0.2625,0.2641509433962264
5,80,0.30935251798561153,0.5375,0.3926940639269407
6,80,0.49514563106796117,0.6375,0.5573770491803278
