class_id,support,precision,recall,f1
0,64,0.19444444444444445,0.109375,0.14
1,64,0.19626168224299065,0.328125,0.24561403508771928
2,64,0.20863309352517986,0.453125,0.28571428571428575
3,64,0.19672131147540983,0.1875,0.192
4,64,0.4666666666666667,0.328125,0.3853211009174312
5,64,0.2608695652173913,0.09375,0.13793103448275862
6,64,0.35135135135135137,0.203125,0.25742574257425743
