class_id,support,precision,recall,f1
0,40,0.6862745098039216,0.875,0.7692307692307692
1,40,0.8518518518518519,0.575,0.6865671641791045
2,40,0.32432432432432434,0.3,0.3116883116883117
3,40,0.4864864864864865,0.45,0.4675324675324675
4,40,0.5806451612903226,0.45,0.5070422535211268
5,40,0.5,0.65,0.5652173913043479
6,40,0.5333333333333333,0.6,0.5647058823529412
