class_id,support,precision,recall,f1
0,64,0.7428571428571429,0.8125,0.7761194029850748
1,64,0.828125,0.828125,0.828125
2,64,0.7037037037037037,0.59375,0.6440677966101694
3,64,0.7142857142857143,0.859375,0.7801418439716311
4,64,0.6923076923076923,0.703125,0.6976744186046512
5,64,0.7678571428571429,0.671875,0.7166666666666668
6,64,0.8548387096774194,0.828125,0.8412698412698412
