class_id,support,precision,recall,f1
0,80,0.25806451612903225,0.3,0.27745664739884385
1,80,0.5362318840579711,0.4625,0.4966442953020134
2,80,0.18181818181818182,0.05,0.07843137254901962
3,80,0.4482758620689655,0.1625,0.23853211009174316
4,80,0.3230769230769231,0.2625,0.2896551724137931
5,80,0.3442622950819672,0.525,0.4158415841584158
6,80,0.2375,0.475,0.3166666666666667
