class_id,support,precision,recall,f1
0,64,0.6875,0.6875,0.6875
1,64,0.7536231884057971,0.8125,0.7819548872180452
2,64,0.65,0.609375,0.6290322580645162
3,64,0.8709677419354839,0.84375,0.8571428571428571
4,64,0.7205882352941176,0.765625,0.7424242424242423
5,64,0.6774193548387096,0.65625,0.6666666666666667
6,64,0.9206349206349206,0.90625,0.9133858267716536
