class_id,support,precision,recall,f1
0,80,0.24390243902439024,0.25,0.24691358024691357
1,80,0.4126984126984127,0.325,0.3636363636363636
2,80,0.19480519480519481,0.1875,0.1910828025477707
3,80,0.42424242424242425,0.175,0.247787610619469
4,80,0.34782608695652173,0.2,0.253968253968254
5,80,0.30952380952380953,0.65,0.41935483870967744
6,80,0.37362637362637363,0.425,0.39766081871345027
