class_id,support,precision,recall,f1
0,64,0.2571428571428571,0.28125,0.26865671641791045
1,64,0.21311475409836064,0.203125,0.20799999999999996
2,64,0.2857142857142857,0.3125,0.29850746268656714
3,64,0.24285714285714285,0.265625,0.25373134328358204
4,64,0.3384615384615385,0.34375,0.34108527131782945
5,64,0.25,0.03125,0.05555555555555555
6,64,0.17307692307692307,0.28125,0.2142857142857143
