class_id,support,precision,recall,f1
0,80,0.575,0.2875,0.3833333333333333
1,80,0.45588235294117646,0.3875,0.41891891891891897
2,80,0.32989690721649484,0.4,0.3615819209039548
3,80,0.5769230769230769,0.375,0.45454545454545453
4,80,0.36363636363636365,0.3,0.32876712328767127
5,80,0.2654320987654321,0.5375,0.35537190082644626
6,80,0.6,0.5625,0.5806451612903225
