class_id,support,precision,recall,f1
0,64,0.32432432432432434,0.375,0.34782608695652173
1,64,0.4307692307692308,0.4375,0.43410852713178294
2,64,0.3,0.328125,0.3134328358208955
3,64,0.36231884057971014,0.390625,0.37593984962406013
4,64,0.25316455696202533,0.3125,0.27972027972027974
5,64,0.41379310344827586,0.1875,0.2580645161290323
6,64,0.46774193548387094,0.453125,0.4603174603174603
