class_id,support,precision,recall,f1
0,64,0.7391304347826086,0.796875,0.7669172932330827
1,64,0.859375,0.859375,0.859375
2,64,0.6481481481481481,0.546875,0.5932203389830508
3,64,0.7246376811594203,0.78125,0.7518796992481203
4,64,0.6619718309859155,0.734375,0.6962962962962963
5,64,0.6557377049180327,0.625,0.64
6,64,0.8666666666666667,0.8125,0.8387096774193549
