class_id,support,precision,recall,f1
0,40,0.13793103448275862,0.3,0.1889763779527559
1,40,0.0,0.0,0.0
2,40,0.0,0.0,0.0
3,40,0.0,0.0,0.0
4,40,0.1652892561983471,0.5,0.2484472049689441
5,40,0.15217391304347827,0.175,0.1627906976744186
6,40,0.041666666666666664,0.025,0.03125
