class_id,support,precision,recall,f1
0,64,0.28169014084507044,0.3125,0.2962962962962963
1,64,0.3235294117647059,0.34375,0.33333333333333337
2,64,0.3387096774193548,0.328125,0.33333333333333337
3,64,0.46835443037974683,0.578125,0.5174825174825174
4,64,0.5245901639344263,0.5,0.512
5,64,0.30952380952380953,0.203125,0.24528301886792453
6,64,0.5076923076923077,0.515625,0.5116279069767442
