class_id,support,precision,recall,f1
0,80,0.2807017543859649,0.2,0.23357664233576644
1,80,0.5,0.1625,0.24528301886792456
2,80,0.2569444444444444,0.4625,0.33035714285714285
3,80,0.5116279069767442,0.275,0.3577235772357724
4,80,0.2891566265060241,0.3,0.294478527607362
5,80,0.2708333333333333,0.325,0.2954545454545454
6,80,0.38738738738738737,0.5375,0.4502617801047121
