class_id,support,precision,recall,f1
0,64,0.7230769230769231,0.734375,0.7286821705426355
1,64,0.864406779661017,0.796875,0.8292682926829269
2,64,0.6153846153846154,0.625,0.6201550387596899
3,64,0.7638888888888888,0.859375,0.8088235294117647
4,64,0.6865671641791045,0.71875,0.7022900763358778
5,64,0.6785714285714286,0.59375,0.6333333333333334
6,64,0.875,0.875,0.875
