class_id,support,precision,recall,f1
0,40,0.43478260869565216,0.5,0.46511627906976744
1,40,0.5208333333333334,0.625,0.5681818181818181
2,40,0.23214285714285715,0.325,0.27083333333333337
3,40,0.46875,0.375,0.4166666666666667
4,40,0.16666666666666666,0.125,0.14285714285714288
5,40,0.46938775510204084,0.575,0.5168539325842697
6,40,0.8947368421052632,0.425,0.576271186440678
