class_id,support,precision,recall,f1
0,64,0.7761194029850746,0.8125,0.7938931297709924
1,64,0.796875,0.796875,0.796875
2,64,0.6666666666666666,0.6875,0.676923076923077
3,64,0.8787878787878788,0.90625,0.8923076923076922
4,64,0.8333333333333334,0.703125,0.7627118644067796
5,64,0.7076923076923077,0.71875,0.7131782945736435
6,64,0.8787878787878788,0.90625,0.8923076923076922
