class_id,support,precision,recall,f1
0,64,0.34285714285714286,0.375,0.3582089552238806
1,64,0.373134328358209,0.390625,0.3816793893129771
2,64,0.36363636363636365,0.375,0.3692307692307692
3,64,0.49295774647887325,0.546875,0.5185185185185185
4,64,0.5517241379310345,0.5,0.5245901639344263
5,64,0.30303030303030304,0.15625,0.20618556701030927
6,64,0.46987951807228917,0.609375,0.5306122448979592
