class_id,support,precision,recall,f1
0,80,0.45121951219512196,0.4625,0.4567901234567901
1,80,0.6071428571428571,0.425,0.5
2,80,0.18867924528301888,0.25,0.21505376344086022
3,80,0.3418803418803419,0.5,0.40609137055837563
4,80,0.1511627906976744,0.1625,0.15662650602409636
5,80,0.3188405797101449,0.275,0.2953020134228188
6,80,0.4772727272727273,0.2625,0.3387096774193549
