class_id,support,precision,recall,f1
0,40,0.5294117647058824,0.675,0.5934065934065933
1,40,0.7692307692307693,0.25,0.37735849056603776
2,40,0.30357142857142855,0.425,0.35416666666666663
3,40,0.75,0.525,0.6176470588235295
4,40,0.38095238095238093,0.6,0.4660194174757281
5,40,0.3448275862068966,0.25,0.2898550724637681
6,40,0.625,0.625,0.625
