class_id,support,precision,recall,f1
0,40,0.5384615384615384,0.175,0.2641509433962264
1,40,0.5185185185185185,0.35,0.417910447761194
2,40,0.2727272727272727,0.075,0.1176470588235294
3,40,0.3191489361702128,0.375,0.3448275862068966
4,40,0.20689655172413793,0.15,0.17391304347826086
5,40,0.21428571428571427,0.15,0.1764705882352941
6,40,0.208,0.65,0.3151515151515151
