class_id,support,precision,recall,f1
0,64,0.676056338028169,0.75,0.7111111111111111
1,64,0.75,0.75,0.75
2,64,0.5522388059701493,0.578125,0.564885496183206
3,64,0.7681159420289855,0.828125,0.7969924812030075
4,64,0.6909090909090909,0.59375,0.6386554621848739
5,64,0.6285714285714286,0.6875,0.6567164179104478
6,64,0.9038461538461539,0.734375,0.810344827586207
