class_id,support,precision,recall,f1
0,80,0.5277777777777778,0.2375,0.32758620689655177
1,80,0.5447154471544715,0.8375,0.6600985221674877
2,80,0.16666666666666666,0.0625,0.09090909090909091
3,80,0.3888888888888889,0.175,0.24137931034482757
4,80,0.26666666666666666,0.25,0.2580645161290323
5,80,0.375,0.6375,0.4722222222222222
6,80,0.43548387096774194,0.675,0.5294117647058822
