class_id,support,precision,recall,f1
0,40,0.3125,0.375,0.3409090909090909
1,40,0.7837837837837838,0.725,0.7532467532467533
2,40,0.2676056338028169,0.475,0.3423423423423423
3,40,0.48,0.3,0.3692307692307692
4,40,0.15789473684210525,0.075,0.10169491525423728
5,40,0.28169014084507044,0.5,0.36036036036036034
6,40,0.7777777777777778,0.175,0.2857142857142857
