class_id,support,precision,recall,f1
0,64,0.7391304347826086,0.796875,0.7669172932330827
1,64,0.8333333333333334,0.859375,0.8461538461538461
2,64,0.6862745098039216,0.546875,0.6086956521739131
3,64,0.7176470588235294,0.953125,0.8187919463087248
4,64,0.7301587301587301,0.71875,0.7244094488188977
5,64,0.7636363636363637,0.65625,0.7058823529411765
6,64,0.9152542372881356,0.84375,0.8780487804878049
