class_id,support,precision,recall,f1
0,64,0.7868852459016393,0.75,0.768
1,64,0.7941176470588235,0.84375,0.8181818181818182
2,64,0.6909090909090909,0.59375,0.6386554621848739
3,64,0.7936507936507936,0.78125,0.7874015748031497
4,64,0.6619718309859155,0.734375,0.6962962962962963
5,64,0.7288135593220338,0.671875,0.6991869918699187
6,64,0.8169014084507042,0.90625,0.8592592592592593
