class_id,support,precision,recall,f1
0,64,0.22388059701492538,0.234375,0.22900763358778628
1,64,0.26666666666666666,0.25,0.2580645161290323
2,64,0.25892857142857145,0.453125,0.3295454545454546
3,64,0.22727272727272727,0.078125,0.11627906976744184
4,64,0.4444444444444444,0.3125,0.3669724770642202
5,64,0.24324324324324326,0.140625,0.17821782178217824
6,64,0.19047619047619047,0.3125,0.23668639053254437
