class_id,support,precision,recall,f1
0,40,0.42857142857142855,0.525,0.4719101123595506
1,40,0.42424242424242425,0.35,0.3835616438356164
2,40,0.21428571428571427,0.15,0.1764705882352941
3,40,0.3902439024390244,0.4,0.39506172839506176
4,40,0.1724137931034483,0.125,0.14492753623188406
5,40,0.26666666666666666,0.5,0.3478260869565218
6,40,0.44,0.275,0.3384615384615385
