class_id,support,precision,recall,f1
0,64,0.7704918032786885,0.734375,0.7519999999999999
1,64,0.7424242424242424,0.765625,0.7538461538461539
2,64,0.6851851851851852,0.578125,0.6271186440677967
3,64,0.7681159420289855,0.828125,0.7969924812030075
4,64,0.6891891891891891,0.796875,0.7391304347826088
5,64,0.7192982456140351,0.640625,0.6776859504132231
6,64,0.8507462686567164,0.890625,0.8702290076335878
