class_id,support,precision,recall,f1
0,80,0.44,0.275,0.3384615384615385
1,80,0.5258620689655172,0.7625,0.6224489795918368
2,80,0.32142857142857145,0.1125,0.16666666666666669
3,80,0.375,0.1125,0.1730769230769231
4,80,0.24096385542168675,0.25,0.24539877300613497
5,80,0.3591549295774648,0.6375,0.4594594594594595
6,80,0.36752136752136755,0.5375,0.43654822335025384
