class_id,support,precision,recall,f1
0,40,0.41509433962264153,0.55,0.4731182795698925
1,40,0.5454545454545454,0.15,0.2352941176470588
2,40,0.19791666666666666,0.475,0.27941176470588236
3,40,0.36,0.225,0.27692307692307694
4,40,0.2,0.075,0.10909090909090907
5,40,0.40476190476190477,0.425,0.41463414634146345
6,40,0.4473684210526316,0.425,0.4358974358974359
