class_id,support,precision,recall,f1
0,40,0.2857142857142857,0.55,0.37606837606837606
1,40,0.16666666666666666,0.125,0.14285714285714288
2,40,0.08333333333333333,0.025,0.03846153846153846
3,40,0.07407407407407407,0.05,0.05970149253731344
4,40,0.058823529411764705,0.05,0.05405405405405405
5,40,0.11475409836065574,0.175,0.1386138613861386
6,40,0.07692307692307693,0.075,0.0759493670886076
