class_id,support,precision,recall,f1
0,64,0.7121212121212122,0.734375,0.7230769230769231
1,64,0.7704918032786885,0.734375,0.7519999999999999
2,64,0.7058823529411765,0.5625,0.6260869565217391
3,64,0.6829268292682927,0.875,0.767123287671233
4,64,0.7014925373134329,0.734375,0.7175572519083969
5,64,0.6461538461538462,0.65625,0.6511627906976746
6,64,0.8392857142857143,0.734375,0.7833333333333332
