class_id,support,precision,recall,f1
0,40,0.34146341463414637,0.35,0.34567901234567905
1,40,0.5555555555555556,0.375,0.44776119402985076
2,40,0.19047619047619047,0.1,0.1311475409836066
3,40,0.47058823529411764,0.4,0.4324324324324324
4,40,0.2564102564102564,0.25,0.2531645569620253
5,40,0.23809523809523808,0.625,0.3448275862068965
6,40,0.6153846153846154,0.2,0.30188679245283023
