class_id,support,precision,recall,f1
0,40,0.1875,0.15,0.16666666666666663
1,40,0.125,0.175,0.14583333333333334
2,40,0.0945945945945946,0.175,0.12280701754385967
3,40,0.023809523809523808,0.025,0.024390243902439025
4,40,0.25,0.05,0.08333333333333334
5,40,0.2,0.175,0.18666666666666665
6,40,0.21212121212121213,0.175,0.1917808219178082
