class_id,support,precision,recall,f1
0,64,0.7678571428571429,0.671875,0.7166666666666668
1,64,0.8,0.8125,0.8062015503875969
2,64,0.7636363636363637,0.65625,0.7058823529411765
3,64,0.7704918032786885,0.734375,0.7519999999999999
4,64,0.746268656716418,0.78125,0.7633587786259542
5,64,0.726027397260274,0.828125,0.7737226277372263
6,64,0.8309859154929577,0.921875,0.874074074074074
