class_id,support,precision,recall,f1
0,40,0.4,0.15,0.21818181818181814
1,40,0.5666666666666667,0.425,0.48571428571428565
2,40,0.15789473684210525,0.075,0.10169491525423728
3,40,0.2909090909090909,0.4,0.3368421052631579
4,40,0.08823529411764706,0.075,0.08108108108108107
5,40,0.17391304347826086,0.1,0.126984126984127
6,40,0.16346153846153846,0.425,0.2361111111111111
