class_id,support,precision,recall,f1
0,64,0.7142857142857143,0.703125,0.7086614173228346
1,64,0.7101449275362319,0.765625,0.736842105263158
2,64,0.6304347826086957,0.453125,0.5272727272727272
3,64,0.7361111111111112,0.828125,0.7794117647058824
4,64,0.6388888888888888,0.71875,0.676470588235294
5,64,0.6949152542372882,0.640625,0.6666666666666667
6,64,0.8208955223880597,0.859375,0.8396946564885497
