class_id,support,precision,recall,f1
0,40,0.15151515151515152,0.125,0.13698630136986303
1,40,0.21052631578947367,0.1,0.13559322033898305
2,40,0.18181818181818182,0.05,0.07843137254901962
3,40,0.11594202898550725,0.2,0.14678899082568805
4,40,0.04878048780487805,0.05,0.04938271604938272
5,40,0.14285714285714285,0.1,0.11764705882352941
6,40,0.0379746835443038,0.075,0.05042016806722689
