class_id,support,precision,recall,f1
0,64,0.36619718309859156,0.40625,0.3851851851851852
1,64,0.39436619718309857,0.4375,0.41481481481481486
2,64,0.4807692307692308,0.390625,0.43103448275862066
3,64,0.582089552238806,0.609375,0.5954198473282443
4,64,0.4430379746835443,0.546875,0.48951048951048953
5,64,0.2682926829268293,0.171875,0.2095238095238095
6,64,0.5373134328358209,0.5625,0.549618320610687
