class_id,support,precision,recall,f1
0,80,0.37142857142857144,0.325,0.3466666666666667
1,80,0.676923076923077,0.55,0.6068965517241379
2,80,0.3055555555555556,0.1375,0.1896551724137931
3,80,0.34782608695652173,0.1,0.15533980582524273
4,80,0.23076923076923078,0.2625,0.2456140350877193
5,80,0.3,0.4875,0.37142857142857144
6,80,0.296551724137931,0.5375,0.3822222222222222
