class_id,support,precision,recall,f1
0,64,0.85,0.796875,0.8225806451612903
1,64,0.7887323943661971,0.875,0.8296296296296297
2,64,0.639344262295082,0.609375,0.624
3,64,0.7741935483870968,0.75,0.7619047619047619
4,64,0.7413793103448276,0.671875,0.7049180327868853
5,64,0.746031746031746,0.734375,0.7401574803149606
6,64,0.8356164383561644,0.953125,0.8905109489051095
