class_id,support,precision,recall,f1
0,80,0.3652173913043478,0.525,0.43076923076923074
1,80,0.7045454545454546,0.3875,0.5
2,80,0.22321428571428573,0.3125,0.2604166666666667
3,80,0.3064516129032258,0.475,0.37254901960784315
4,80,0.25609756097560976,0.2625,0.2592592592592593
5,80,0.5714285714285714,0.3,0.3934426229508196
6,80,0.3902439024390244,0.2,0.2644628099173554
