class_id,support,precision,recall,f1
0,40,0.7368421052631579,0.7,0.717948717948718
1,40,0.5789473684210527,0.55,0.5641025641025641
2,40,0.3283582089552239,0.55,0.411214953271028
3,40,0.40625,0.325,0.36111111111111116
4,40,0.26666666666666666,0.1,0.14545454545454545
5,40,0.65625,0.525,0.5833333333333334
6,40,0.46551724137931033,0.675,0.5510204081632654
