class_id,support,precision,recall,f1
0,64,0.75,0.75,0.75
1,64,0.8095238095238095,0.796875,0.8031496062992126
2,64,0.6935483870967742,0.671875,0.6825396825396826
3,64,0.7702702702702703,0.890625,0.8260869565217391
4,64,0.6527777777777778,0.734375,0.6911764705882354
5,64,0.7454545454545455,0.640625,0.6890756302521008
6,64,0.9310344827586207,0.84375,0.8852459016393444
