class_id,support,precision,recall,f1
0,64,0.734375,0.734375,0.734375
1,64,0.8870967741935484,0.859375,0.8730158730158729
2,64,0.8214285714285714,0.71875,0.7666666666666666
3,64,0.8615384615384616,0.875,0.8682170542635659
4,64,0.782608695652174,0.84375,0.81203007518797
5,64,0.7580645161290323,0.734375,0.7460317460317459
6,64,0.8714285714285714,0.953125,0.9104477611940298
