class_id,support,precision,recall,f1
0,64,0.7068965517241379,0.640625,0.6721311475409836
1,64,0.6891891891891891,0.796875,0.7391304347826088
2,64,0.6296296296296297,0.53125,0.5762711864406779
3,64,0.7123287671232876,0.8125,0.7591240875912408
4,64,0.7230769230769231,0.734375,0.7286821705426355
5,64,0.6571428571428571,0.71875,0.6865671641791045
6,64,0.9259259259259259,0.78125,0.847457627118644
