class_id,support,precision,recall,f1
0,64,0.796875,0.796875,0.796875
1,64,0.8153846153846154,0.828125,0.8217054263565892
2,64,0.6875,0.6875,0.6875
3,64,0.7846153846153846,0.796875,0.7906976744186046
4,64,0.6666666666666666,0.8125,0.7323943661971831
5,64,0.8235294117647058,0.65625,0.7304347826086957
6,64,0.9344262295081968,0.890625,0.9120000000000001
