class_id,support,precision,recall,f1
0,40,0.3958333333333333,0.475,0.43181818181818177
1,40,0.5370370370370371,0.725,0.6170212765957447
2,40,0.3157894736842105,0.6,0.41379310344827586
3,40,0.391304347826087,0.225,0.2857142857142857
4,40,0.0,0.0,0.0
5,40,0.6153846153846154,0.2,0.30188679245283023
6,40,0.3050847457627119,0.45,0.36363636363636365
