class_id,support,precision,recall,f1
0,64,0.819672131147541,0.78125,0.8
1,64,0.8405797101449275,0.90625,0.8721804511278196
2,64,0.4925373134328358,0.515625,0.5038167938931298
3,64,0.6268656716417911,0.65625,0.6412213740458016
4,64,0.47540983606557374,0.453125,0.46399999999999997
5,64,0.5098039215686274,0.40625,0.45217391304347826
6,64,0.6111111111111112,0.6875,0.6470588235294118
