class_id,support,precision,recall,f1
0,40,0.3442622950819672,0.525,0.4158415841584158
1,40,0.4666666666666667,0.525,0.49411764705882355
2,40,0.42857142857142855,0.375,0.39999999999999997
3,40,0.5454545454545454,0.3,0.3870967741935483
4,40,0.4090909090909091,0.225,0.2903225806451613
5,40,0.3076923076923077,0.4,0.34782608695652173
6,40,0.3953488372093023,0.425,0.40963855421686746
