class_id,support,precision,recall,f1
0,40,0.4878048780487805,0.5,0.49382716049382713
1,40,0.5,0.45,0.4736842105263158
2,40,0.2727272727272727,0.225,0.24657534246575344
3,40,0.5517241379310345,0.4,0.463768115942029
4,40,0.27906976744186046,0.3,0.2891566265060241
5,40,0.35526315789473684,0.675,0.4655172413793103
6,40,0.8181818181818182,0.45,0.5806451612903226
