class_id,support,precision,recall,f1
0,64,0.75,0.703125,0.7258064516129032
1,64,0.7846153846153846,0.796875,0.7906976744186046
2,64,0.6481481481481481,0.546875,0.5932203389830508
3,64,0.7857142857142857,0.859375,0.8208955223880597
4,64,0.631578947368421,0.75,0.6857142857142857
5,64,0.7166666666666667,0.671875,0.6935483870967741
6,64,0.8412698412698413,0.828125,0.8346456692913385
