class_id,support,precision,recall,f1
0,64,0.4057971014492754,0.4375,0.4210526315789474
1,64,0.35294117647058826,0.375,0.3636363636363636
2,64,0.48333333333333334,0.453125,0.46774193548387094
3,64,0.42857142857142855,0.515625,0.4680851063829787
4,64,0.3387096774193548,0.328125,0.33333333333333337
5,64,0.34146341463414637,0.21875,0.26666666666666666
6,64,0.4507042253521127,0.5,0.47407407407407404
