class_id,support,precision,recall,f1
0,64,0.7142857142857143,0.703125,0.7086614173228346
1,64,0.7846153846153846,0.796875,0.7906976744186046
2,64,0.6142857142857143,0.671875,0.6417910447761194
3,64,0.8225806451612904,0.796875,0.8095238095238094
4,64,0.7321428571428571,0.640625,0.6833333333333332
5,64,0.7101449275362319,0.765625,0.736842105263158
6,64,0.8412698412698413,0.828125,0.8346456692913385
