class_id,support,precision,recall,f1
0,64,0.6944444444444444,0.78125,0.7352941176470588
1,64,0.7903225806451613,0.765625,0.7777777777777778
2,64,0.7608695652173914,0.546875,0.6363636363636365
3,64,0.8095238095238095,0.796875,0.8031496062992126
4,64,0.7575757575757576,0.78125,0.7692307692307692
5,64,0.6216216216216216,0.71875,0.6666666666666667
6,64,0.8923076923076924,0.90625,0.8992248062015504
