class_id,support,precision,recall,f1
0,64,0.7627118644067796,0.703125,0.7317073170731708
1,64,0.75,0.796875,0.7727272727272727
2,64,0.7307692307692307,0.59375,0.6551724137931033
3,64,0.6923076923076923,0.84375,0.7605633802816902
4,64,0.7049180327868853,0.671875,0.688
5,64,0.6875,0.6875,0.6875
6,64,0.8333333333333334,0.859375,0.8461538461538461
