class_id,support,precision,recall,f1
0,64,0.7419354838709677,0.71875,0.7301587301587302
1,64,0.7384615384615385,0.75,0.7441860465116279
2,64,0.5967741935483871,0.578125,0.5873015873015873
3,64,0.68,0.796875,0.7338129496402876
4,64,0.7017543859649122,0.625,0.6611570247933884
5,64,0.6153846153846154,0.625,0.6201550387596899
6,64,0.8225806451612904,0.796875,0.8095238095238094
