class_id,support,precision,recall,f1
0,40,0.45714285714285713,0.4,0.42666666666666664
1,40,0.4473684210526316,0.425,0.4358974358974359
2,40,0.26666666666666666,0.3,0.2823529411764706
3,40,0.4358974358974359,0.425,0.43037974683544306
4,40,0.53125,0.425,0.47222222222222215
5,40,0.40816326530612246,0.5,0.449438202247191
6,40,0.35714285714285715,0.375,0.3658536585365853
