class_id,support,precision,recall,f1
0,40,0.18181818181818182,0.3,0.22641509433962265
1,40,0.08163265306122448,0.1,0.08988764044943819
2,40,0.17647058823529413,0.075,0.10526315789473684
3,40,0.0,0.0,0.0
4,40,0.2608695652173913,0.45,0.3302752293577982
5,40,0.13333333333333333,0.15,0.1411764705882353
6,40,0.0,0.0,0.0
