class_id,support,precision,recall,f1
0,40,0.5813953488372093,0.625,0.6024096385542168
1,40,0.723404255319149,0.85,0.7816091954022989
2,40,0.23809523809523808,0.25,0.24390243902439024
3,40,0.42105263157894735,0.4,0.41025641025641024
4,40,0.25925925925925924,0.175,0.208955223880597
5,40,0.5,0.775,0.607843137254902
6,40,0.6190476190476191,0.325,0.42622950819672134
