class_id,support,precision,recall,f1
0,64,0.7627118644067796,0.703125,0.7317073170731708
1,64,0.819672131147541,0.78125,0.8
2,64,0.6964285714285714,0.609375,0.65
3,64,0.864406779661017,0.796875,0.8292682926829269
4,64,0.6935483870967742,0.671875,0.6825396825396826
5,64,0.7222222222222222,0.8125,0.7647058823529411
6,64,0.7721518987341772,0.953125,0.8531468531468531
