epoch,train_accuracy,train_loss,epoch_time_s
1,0.6004273504273504,1.3928598460988102,40.32859349506907
2,0.8290598290598291,0.7843355984769316,26.373427695129067
3,0.9102564102564102,0.4927290380001068,27.147538393968716
4,0.9508547008547008,0.35631073005179054,23.37675555003807
5,0.9754273504273504,0.23087638145328587,20.448269034037367
6,0.9401709401709402,0.23442140119707483,21.52768148481846
7,0.9113247863247863,0.2935376095975566,23.195894015021622
8,0.9230769230769231,0.27933911049467886,20.93067185394466
9,0.9412393162393162,0.2194463383947682,23.25631040195003
10,0.9604700854700855,0.18770773364947393,20.120634051039815
11,0.9604700854700855,0.19399429895938972,17.61998191801831
12,0.9145299145299145,0.2504880239820888,19.149745070841163
13,0.9305555555555556,0.22749378220138386,31.758898243075237
14,0.9604700854700855,0.18593636384377113,30.4063375859987
15,0.9850427350427351,0.1227872063461532,26.06992745003663
16,0.9978632478632479,0.08304831251884118,23.007571151014417
17,0.9978632478632479,0.05448065577154486,21.637939966050908
18,0.9978632478632479,0.043181483339295425,28.11634045187384
19,0.9989316239316239,0.0331241674721241,22.027608857955784
20,0.9989316239316239,0.027228670242505196,20.652995974058285
21,0.9989316239316239,0.02303696304368667,19.864031522069126
22,0.9989316239316239,0.018530212263138886,21.213702386943623
23,0.9989316239316239,0.01610028758071936,21.263122350908816
24,0.9989316239316239,0.014264530550019864,20.278542451094836
25,1.0,0.012736194154136201,16.381241207011044
26,0.9989316239316239,0.014594825175710214,16.75489384215325
27,1.0,0.015635018069774676,20.36148164095357
28,0.9978632478632479,0.023848985982501607,20.90450382605195
29,0.9978632478632479,0.020700910502774082,18.50213909591548
30,0.9989316239316239,0.015969749579890672,18.101481733843684
