class_id,support,precision,recall,f1
0,80,0.3424657534246575,0.3125,0.326797385620915
1,80,0.5166666666666667,0.3875,0.44285714285714284
2,80,0.14084507042253522,0.25,0.18018018018018017
3,80,0.3238095238095238,0.425,0.36756756756756753
4,80,0.2602739726027397,0.2375,0.24836601307189543
5,80,0.328125,0.2625,0.2916666666666667
6,80,0.37209302325581395,0.2,0.2601626016260163
