class_id,support,precision,recall,f1
0,40,0.39215686274509803,0.5,0.4395604395604396
1,40,0.41379310344827586,0.6,0.4897959183673469
2,40,0.20512820512820512,0.2,0.20253164556962025
3,40,0.4117647058823529,0.35,0.37837837837837834
4,40,0.27586206896551724,0.2,0.2318840579710145
5,40,0.4074074074074074,0.55,0.46808510638297873
6,40,0.8666666666666667,0.325,0.4727272727272728
