class_id,support,precision,recall,f1
0,40,0.4634146341463415,0.475,0.4691358024691358
1,40,0.4,0.15,0.21818181818181814
2,40,0.3170731707317073,0.325,0.3209876543209877
3,40,0.4,0.3,0.34285714285714286
4,40,0.2463768115942029,0.425,0.3119266055045872
5,40,0.3902439024390244,0.4,0.39506172839506176
6,40,0.32558139534883723,0.35,0.3373493975903615
