class_id,support,precision,recall,f1
0,40,0.46296296296296297,0.625,0.5319148936170213
1,40,0.38461538461538464,0.25,0.30303030303030304
2,40,0.11538461538461539,0.075,0.09090909090909093
3,40,0.375,0.225,0.28125000000000006
4,40,0.32558139534883723,0.35,0.3373493975903615
5,40,0.3,0.6,0.4
6,40,0.6296296296296297,0.425,0.5074626865671642
