class_id,support,precision,recall,f1
0,40,0.3333333333333333,0.45,0.3829787234042553
1,40,0.21428571428571427,0.075,0.1111111111111111
2,40,0.2807017543859649,0.8,0.41558441558441556
3,40,0.11538461538461539,0.075,0.09090909090909093
4,40,0.0,0.0,0.0
5,40,0.3333333333333333,0.175,0.22950819672131145
6,40,0.16666666666666666,0.2,0.1818181818181818
