class_id,support,precision,recall,f1
0,40,0.4146341463414634,0.425,0.41975308641975306
1,40,0.48484848484848486,0.4,0.4383561643835617
2,40,0.20202020202020202,0.5,0.28776978417266186
3,40,0.5833333333333334,0.175,0.2692307692307692
4,40,0.0,0.0,0.0
5,40,0.3333333333333333,0.325,0.32911392405063294
6,40,0.5277777777777778,0.475,0.5
