class_id,support,precision,recall,f1
0,40,0.21052631578947367,0.1,0.13559322033898305
1,40,0.30434782608695654,0.175,0.2222222222222222
2,40,0.0,0.0,0.0
3,40,0.42857142857142855,0.075,0.1276595744680851
4,40,0.10810810810810811,0.5,0.17777777777777778
5,40,0.16666666666666666,0.075,0.10344827586206896
6,40,0.1,0.05,0.06666666666666667
