epoch,train_accuracy,train_loss,epoch_time_s
1,0.12417683101414419,3.0444183056484087,1336.661088777997
2,0.13013227967703145,2.88953531650595,1303.6983033610159
3,0.14811315352459486,2.789397523239744,1348.372074999992
4,0.15469850541144134,2.764376180630564,1342.4251599819981
5,0.18536333963236556,2.6833905848906308,1329.2326056020102
6,0.19578537479241825,2.6060669456554675,1338.9688608240103
7,0.21648628528889652,2.5255149088248294,1328.025298884022
8,0.2563419801866804,2.407187652910096,1341.5584217290161
9,0.28935463551508905,2.296004227249031,1310.08089630201
10,0.31274695069575675,2.227223039513047,1069.0381849809783
11,0.34097806791502033,2.1557888340405267,1116.6198065520148
12,0.3746492584321136,2.0449078773732707,1205.2188529630075
13,0.41032468647998627,1.9268464554709843,1361.8198000279954
14,0.3974116703888221,1.964112668309651,1315.728112479992
15,0.4212620970050965,1.868185195925309,1320.0378525639826
16,0.38635973200481016,1.9699726631870345,1332.1249982340087
17,0.4289068315867835,1.8307390792505143,1308.8320574050013
18,0.44001603390024624,1.8109447550324445,1304.2858349469898
19,0.42071808967531354,1.8620395107872194,1289.088853903988
20,0.4588272347248468,1.7262541982362083,1326.1365582699946
21,0.47592051766592225,1.6852860145877946,1610.600179147994
22,0.4616331672679379,1.7041982965480829,1297.3573084910167
23,0.5039512111321078,1.5855288222873292,1340.5345036670042
24,0.48788867892114757,1.621724803163882,1340.897637268994
25,0.5268854148771689,1.4992073962609669,1290.1143423649773
26,0.5509076332817958,1.4123266962722345,1396.6902073179954
27,0.5596403825230487,1.3824907256955783,1365.9267988849897
28,0.5511080570348738,1.414566034304893,1521.998943210987
29,0.5438641699593426,1.4444089298196956,1708.5512416099955
30,0.5637920174082346,1.3743603075382766,1400.4354251690092
31,0.595287178606196,1.2684797106831984,1355.4182403279992
32,0.6137261638893661,1.2031078849646777,1395.5307520560164
33,0.6158735612437726,1.1855191186771001,1260.9168328309897
34,0.6364885758460745,1.1240958147890507,1213.0092273389746
35,0.65358185878715,1.0705711058391258,1210.1302988930256
36,0.6542117620111092,1.0708133285482377,1204.9656619380112
37,0.6701597663631679,1.0125601637071946,1225.7778443959833
38,0.6837313176430166,0.9703420594966897,1073.649162376998
39,0.6891141270113955,0.9420455402165544,1333.4167366129986
40,0.6793506270400275,0.979055766475533,1380.7651962240052
