class_id,support,precision,recall,f1
0,40,0.22549019607843138,0.575,0.323943661971831
1,40,0.2608695652173913,0.15,0.19047619047619047
2,40,0.0,0.0,0.0
3,40,0.0,0.0,0.0
4,40,0.11904761904761904,0.25,0.16129032258064516
5,40,0.0,0.0,0.0
6,40,0.2,0.225,0.21176470588235294
