class_id,support,precision,recall,f1
0,40,0.4375,0.525,0.4772727272727273
1,40,0.43478260869565216,0.5,0.46511627906976744
2,40,0.2542372881355932,0.375,0.30303030303030304
3,40,0.46875,0.375,0.4166666666666667
4,40,0.3157894736842105,0.15,0.20338983050847456
5,40,0.3617021276595745,0.425,0.39080459770114945
6,40,0.5172413793103449,0.375,0.4347826086956522
