class_id,support,precision,recall,f1
0,80,0.32142857142857145,0.3375,0.32926829268292684
1,80,0.6857142857142857,0.3,0.41739130434782606
2,80,0.19708029197080293,0.3375,0.24884792626728114
3,80,0.29411764705882354,0.4375,0.35175879396984927
4,80,0.11363636363636363,0.125,0.11904761904761904
5,80,0.4117647058823529,0.2625,0.32061068702290074
6,80,0.5,0.2875,0.36507936507936506
