class_id,support,precision,recall,f1
0,64,0.3050847457627119,0.28125,0.2926829268292683
1,64,0.2235294117647059,0.296875,0.2550335570469799
2,64,0.3246753246753247,0.390625,0.35460992907801414
3,64,0.2647058823529412,0.28125,0.27272727272727276
4,64,0.4,0.3125,0.3508771929824561
5,64,0.44680851063829785,0.328125,0.3783783783783784
6,64,0.41935483870967744,0.40625,0.4126984126984127
