class_id,support,precision,recall,f1
0,40,0.23529411764705882,0.3,0.26373626373626374
1,40,0.23529411764705882,0.1,0.14035087719298245
2,40,0.3125,0.375,0.3409090909090909
3,40,0.0,0.0,0.0
4,40,0.20833333333333334,0.625,0.3125
5,40,0.0,0.0,0.0
6,40,0.1891891891891892,0.175,0.18181818181818182
