class_id,support,precision,recall,f1
0,80,0.4639175257731959,0.5625,0.5084745762711864
1,80,0.7142857142857143,0.4375,0.5426356589147286
2,80,0.20652173913043478,0.2375,0.22093023255813957
3,80,0.34545454545454546,0.475,0.4
4,80,0.21621621621621623,0.3,0.2513089005235602
5,80,0.3582089552238806,0.3,0.32653061224489793
6,80,0.5588235294117647,0.2375,0.3333333333333333
