class_id,support,precision,recall,f1
0,40,0.39215686274509803,0.5,0.4395604395604396
1,40,0.22727272727272727,0.125,0.16129032258064516
2,40,0.1111111111111111,0.125,0.11764705882352941
3,40,0.375,0.225,0.28125000000000006
4,40,0.38095238095238093,0.2,0.2622950819672132
5,40,0.2524271844660194,0.65,0.3636363636363636
6,40,0.5,0.175,0.25925925925925924
