class_id,support,precision,recall,f1
0,64,0.7301587301587301,0.71875,0.7244094488188977
1,64,0.7727272727272727,0.796875,0.7846153846153846
2,64,0.6140350877192983,0.546875,0.5785123966942148
3,64,0.6883116883116883,0.828125,0.7517730496453902
4,64,0.746031746031746,0.734375,0.7401574803149606
5,64,0.6666666666666666,0.625,0.6451612903225806
6,64,0.9032258064516129,0.875,0.8888888888888888
