class_id,support,precision,recall,f1
0,64,0.7543859649122807,0.671875,0.7107438016528924
1,64,0.7285714285714285,0.796875,0.7611940298507462
2,64,0.7068965517241379,0.640625,0.6721311475409836
3,64,0.8208955223880597,0.859375,0.8396946564885497
4,64,0.7536231884057971,0.8125,0.7819548872180452
5,64,0.6363636363636364,0.65625,0.6461538461538462
6,64,0.9016393442622951,0.859375,0.88
