class_id,support,precision,recall,f1
0,40,0.375,0.6,0.4615384615384615
1,40,0.5454545454545454,0.45,0.4931506849315069
2,40,0.3488372093023256,0.375,0.3614457831325302
3,40,0.6333333333333333,0.475,0.5428571428571427
4,40,0.18181818181818182,0.1,0.12903225806451613
5,40,0.29310344827586204,0.425,0.3469387755102041
6,40,0.5,0.375,0.42857142857142855
