class_id,support,precision,recall,f1
0,40,0.5849056603773585,0.775,0.6666666666666666
1,40,0.5769230769230769,0.375,0.45454545454545453
2,40,0.3137254901960784,0.4,0.3516483516483516
3,40,0.38235294117647056,0.325,0.35135135135135137
4,40,0.3333333333333333,0.15,0.20689655172413793
5,40,0.5128205128205128,0.5,0.5063291139240506
6,40,0.4745762711864407,0.7,0.5656565656565656
