class_id,support,precision,recall,f1
0,40,0.6875,0.275,0.3928571428571429
1,40,0.5714285714285714,0.6,0.5853658536585366
2,40,0.275,0.55,0.3666666666666667
3,40,0.8461538461538461,0.275,0.41509433962264153
4,40,0.1111111111111111,0.025,0.04081632653061225
5,40,0.46774193548387094,0.725,0.5686274509803921
6,40,0.5,0.725,0.5918367346938775
