class_id,support,precision,recall,f1
0,64,0.7910447761194029,0.828125,0.8091603053435115
1,64,0.8666666666666667,0.8125,0.8387096774193549
2,64,0.6166666666666667,0.578125,0.5967741935483871
3,64,0.7307692307692307,0.890625,0.8028169014084506
4,64,0.6935483870967742,0.671875,0.6825396825396826
5,64,0.7368421052631579,0.65625,0.6942148760330578
6,64,0.859375,0.859375,0.859375
