class_id,support,precision,recall,f1
0,64,0.75,0.75,0.75
1,64,0.7794117647058824,0.828125,0.8030303030303031
2,64,0.4,0.4375,0.41791044776119407
3,64,0.5079365079365079,0.5,0.5039370078740157
4,64,0.5652173913043478,0.40625,0.4727272727272727
5,64,0.6119402985074627,0.640625,0.6259541984732824
6,64,0.6285714285714286,0.6875,0.6567164179104478
