class_id,support,precision,recall,f1
0,80,0.5411764705882353,0.575,0.5575757575757575
1,80,0.3813559322033898,0.5625,0.45454545454545453
2,80,0.25,0.1125,0.15517241379310345
3,80,0.4117647058823529,0.0875,0.14432989690721648
4,80,0.3333333333333333,0.1,0.15384615384615383
5,80,0.3466666666666667,0.65,0.4521739130434783
6,80,0.3923076923076923,0.6375,0.48571428571428565
