class_id,support,precision,recall,f1
0,40,0.3125,0.375,0.3409090909090909
1,40,0.8518518518518519,0.575,0.6865671641791045
2,40,0.2191780821917808,0.4,0.2831858407079646
3,40,0.4166666666666667,0.125,0.1923076923076923
4,40,0.23076923076923078,0.225,0.22784810126582278
5,40,0.3275862068965517,0.475,0.3877551020408163
6,40,0.6956521739130435,0.4,0.507936507936508
