class_id,support,precision,recall,f1
0,40,0.45454545454545453,0.5,0.47619047619047616
1,40,0.5208333333333334,0.625,0.5681818181818181
2,40,0.26,0.325,0.2888888888888889
3,40,0.5483870967741935,0.425,0.47887323943661964
4,40,0.3,0.15,0.2
5,40,0.40476190476190477,0.425,0.41463414634146345
6,40,0.5333333333333333,0.6,0.5647058823529412
