class_id,support,precision,recall,f1
0,40,0.47540983606557374,0.725,0.5742574257425742
1,40,0.36,0.225,0.27692307692307694
2,40,0.17647058823529413,0.15,0.16216216216216214
3,40,0.47058823529411764,0.4,0.4324324324324324
4,40,0.2857142857142857,0.2,0.23529411764705882
5,40,0.37142857142857144,0.65,0.4727272727272728
6,40,0.7857142857142857,0.55,0.6470588235294117
