class_id,support,precision,recall,f1
0,40,0.1864406779661017,0.275,0.22222222222222224
1,40,0.0,0.0,0.0
2,40,0.12307692307692308,0.2,0.1523809523809524
3,40,0.0,0.0,0.0
4,40,0.09375,0.15,0.11538461538461538
5,40,0.09302325581395349,0.1,0.09638554216867469
6,40,0.5,0.175,0.25925925925925924
