class_id,support,precision,recall,f1
0,80,0.47,0.5875,0.5222222222222221
1,80,0.5733333333333334,0.5375,0.5548387096774193
2,80,0.3392857142857143,0.2375,0.2794117647058824
3,80,0.4528301886792453,0.3,0.3609022556390978
4,80,0.4418604651162791,0.2375,0.3089430894308943
5,80,0.30319148936170215,0.7125,0.4253731343283582
6,80,0.7111111111111111,0.4,0.512
