class_id,support,precision,recall,f1
0,40,0.4166666666666667,0.5,0.45454545454545453
1,40,0.34615384615384615,0.225,0.27272727272727276
2,40,0.2222222222222222,0.2,0.2105263157894737
3,40,0.4838709677419355,0.375,0.4225352112676056
4,40,0.3,0.3,0.3
5,40,0.29545454545454547,0.65,0.40625
6,40,0.6363636363636364,0.175,0.27450980392156865
