class_id,support,precision,recall,f1
0,40,0.2028985507246377,0.35,0.25688073394495414
1,40,0.23076923076923078,0.15,0.18181818181818185
2,40,0.09523809523809523,0.2,0.12903225806451613
3,40,0.0,0.0,0.0
4,40,0.1935483870967742,0.15,0.16901408450704225
5,40,0.0,0.0,0.0
6,40,0.07142857142857142,0.125,0.09090909090909091
