class_id,support,precision,recall,f1
0,40,0.16,0.1,0.12307692307692307
1,40,0.11711711711711711,0.325,0.17218543046357618
2,40,0.0,0.0,0.0
3,40,0.22448979591836735,0.275,0.24719101123595505
4,40,0.18518518518518517,0.125,0.14925373134328357
5,40,0.1111111111111111,0.1,0.10526315789473685
6,40,0.24,0.15,0.1846153846153846
