class_id,support,precision,recall,f1
0,40,0.3333333333333333,0.375,0.35294117647058826
1,40,0.425531914893617,0.5,0.4597701149425288
2,40,0.2,0.275,0.23157894736842108
3,40,0.2222222222222222,0.2,0.2105263157894737
4,40,0.23684210526315788,0.225,0.23076923076923078
5,40,0.4411764705882353,0.375,0.4054054054054054
6,40,0.32,0.2,0.24615384615384614
