class_id,support,precision,recall,f1
0,80,0.43859649122807015,0.3125,0.364963503649635
1,80,0.5573770491803278,0.425,0.4822695035460992
2,80,0.21818181818181817,0.3,0.2526315789473684
3,80,0.40869565217391307,0.5875,0.4820512820512821
4,80,0.1875,0.2625,0.21875000000000003
5,80,0.5,0.2625,0.34426229508196726
6,80,0.3968253968253968,0.3125,0.34965034965034963
