class_id,support,precision,recall,f1
0,64,0.17647058823529413,0.234375,0.20134228187919465
1,64,0.0,0.0,0.0
2,64,0.12345679012345678,0.15625,0.13793103448275862
3,64,0.0,0.0,0.0
4,64,0.17045454545454544,0.703125,0.27439024390243905
5,64,0.16666666666666666,0.046875,0.07317073170731708
6,64,0.0,0.0,0.0
