class_id,support,precision,recall,f1
0,40,0.45161290322580644,0.7,0.5490196078431372
1,40,0.5238095238095238,0.55,0.5365853658536585
2,40,0.47368421052631576,0.45,0.46153846153846156
3,40,0.5,0.375,0.42857142857142855
4,40,0.3125,0.125,0.17857142857142858
5,40,0.38461538461538464,0.375,0.37974683544303806
6,40,0.41509433962264153,0.55,0.4731182795698925
