class_id,support,precision,recall,f1
0,64,0.7027027027027027,0.8125,0.7536231884057971
1,64,0.7741935483870968,0.75,0.7619047619047619
2,64,0.5901639344262295,0.5625,0.576
3,64,0.8059701492537313,0.84375,0.8244274809160305
4,64,0.6818181818181818,0.703125,0.6923076923076923
5,64,0.6610169491525424,0.609375,0.6341463414634146
6,64,0.8983050847457628,0.828125,0.8617886178861789
