class_id,support,precision,recall,f1
0,40,0.0,0.0,0.0
1,40,0.15555555555555556,0.35,0.21538461538461537
2,40,0.0,0.0,0.0
3,40,1.0,0.025,0.04878048780487806
4,40,0.16346153846153846,0.425,0.2361111111111111
5,40,0.1935483870967742,0.15,0.16901408450704225
6,40,0.3333333333333333,0.425,0.37362637362637363
