class_id,support,precision,recall,f1
0,80,0.4673913043478261,0.5375,0.5
1,80,0.5681818181818182,0.3125,0.40322580645161293
2,80,0.2517985611510791,0.4375,0.319634703196347
3,80,0.40384615384615385,0.525,0.4565217391304348
4,80,0.1927710843373494,0.2,0.19631901840490798
5,80,0.3333333333333333,0.25,0.28571428571428575
6,80,0.5263157894736842,0.25,0.3389830508474576
