class_id,support,precision,recall,f1
0,64,0.4032258064516129,0.390625,0.3968253968253968
1,64,0.3548387096774194,0.34375,0.3492063492063492
2,64,0.352112676056338,0.390625,0.37037037037037035
3,64,0.609375,0.609375,0.609375
4,64,0.4342105263157895,0.515625,0.4714285714285714
5,64,0.36585365853658536,0.234375,0.2857142857142857
6,64,0.4722222222222222,0.53125,0.4999999999999999
