class_id,support,precision,recall,f1
0,40,0.46153846153846156,0.45,0.45569620253164556
1,40,0.7142857142857143,0.625,0.6666666666666666
2,40,0.25,0.675,0.36486486486486486
3,40,0.4444444444444444,0.2,0.2758620689655173
4,40,0.3076923076923077,0.1,0.15094339622641512
5,40,0.2682926829268293,0.275,0.271604938271605
6,40,0.6153846153846154,0.4,0.4848484848484849
