class_id,support,precision,recall,f1
0,40,0.10204081632653061,0.125,0.11235955056179775
1,40,0.08823529411764706,0.075,0.08108108108108107
2,40,0.06666666666666667,0.125,0.08695652173913045
3,40,0.09302325581395349,0.1,0.09638554216867469
4,40,0.3269230769230769,0.425,0.3695652173913044
5,40,0.625,0.125,0.20833333333333334
6,40,0.15789473684210525,0.075,0.10169491525423728
