class_id,support,precision,recall,f1
0,64,0.17647058823529413,0.1875,0.1818181818181818
1,64,0.19230769230769232,0.390625,0.2577319587628866
2,64,0.23595505617977527,0.328125,0.2745098039215686
3,64,0.3448275862068966,0.15625,0.21505376344086022
4,64,0.38571428571428573,0.421875,0.4029850746268657
5,64,0.26666666666666666,0.0625,0.10126582278481013
6,64,0.2978723404255319,0.21875,0.25225225225225223
