class_id,support,precision,recall,f1
0,40,0.3333333333333333,0.375,0.35294117647058826
1,40,0.3968253968253968,0.625,0.4854368932038835
2,40,0.41025641025641024,0.4,0.4050632911392405
3,40,0.4642857142857143,0.325,0.3823529411764706
4,40,0.5263157894736842,0.25,0.3389830508474576
5,40,0.38333333333333336,0.575,0.4600000000000001
6,40,0.6153846153846154,0.4,0.4848484848484849
