class_id,support,precision,recall,f1
0,64,0.5,0.4375,0.4666666666666667
1,64,0.676056338028169,0.75,0.7111111111111111
2,64,0.358974358974359,0.4375,0.39436619718309857
3,64,0.42857142857142855,0.421875,0.42519685039370075
4,64,0.39705882352941174,0.421875,0.4090909090909091
5,64,0.45098039215686275,0.359375,0.4
6,64,0.32786885245901637,0.3125,0.32
