class_id,support,precision,recall,f1
0,64,0.8412698412698413,0.828125,0.8346456692913385
1,64,0.84375,0.84375,0.84375
2,64,0.75,0.609375,0.6724137931034483
3,64,0.7662337662337663,0.921875,0.8368794326241135
4,64,0.746268656716418,0.78125,0.7633587786259542
5,64,0.7580645161290323,0.734375,0.7460317460317459
6,64,0.9047619047619048,0.890625,0.8976377952755906
