class_id,support,precision,recall,f1
0,64,0.1935483870967742,0.1875,0.19047619047619047
1,64,0.10638297872340426,0.078125,0.0900900900900901
2,64,0.19444444444444445,0.21875,0.2058823529411765
3,64,0.3333333333333333,0.015625,0.029850746268656716
4,64,0.19318181818181818,0.53125,0.2833333333333334
5,64,0.0,0.0,0.0
6,64,0.1590909090909091,0.21875,0.18421052631578946
