class_id,support,precision,recall,f1
0,64,0.803030303030303,0.828125,0.8153846153846153
1,64,0.8571428571428571,0.84375,0.8503937007874015
2,64,0.7213114754098361,0.6875,0.7040000000000001
3,64,0.8709677419354839,0.84375,0.8571428571428571
4,64,0.7241379310344828,0.65625,0.6885245901639345
5,64,0.6805555555555556,0.765625,0.7205882352941176
6,64,0.9242424242424242,0.953125,0.9384615384615383
