class_id,support,precision,recall,f1
0,64,0.7538461538461538,0.765625,0.7596899224806202
1,64,0.8059701492537313,0.84375,0.8244274809160305
2,64,0.7076923076923077,0.71875,0.7131782945736435
3,64,0.8307692307692308,0.84375,0.8372093023255814
4,64,0.7285714285714285,0.796875,0.7611940298507462
5,64,0.7735849056603774,0.640625,0.7008547008547009
6,64,0.9047619047619048,0.890625,0.8976377952755906
