class_id,support,precision,recall,f1
0,40,0.3076923076923077,0.1,0.15094339622641512
1,40,0.5714285714285714,0.5,0.5333333333333333
2,40,0.14285714285714285,0.05,0.07407407407407408
3,40,0.45652173913043476,0.525,0.48837209302325585
4,40,0.2903225806451613,0.225,0.2535211267605634
5,40,0.35,0.175,0.23333333333333334
6,40,0.23140495867768596,0.7,0.34782608695652173
