class_id,support,precision,recall,f1
0,80,0.4810126582278481,0.475,0.4779874213836478
1,80,0.4788732394366197,0.425,0.45033112582781454
2,80,0.28,0.2625,0.2709677419354839
3,80,0.4931506849315068,0.45,0.4705882352941177
4,80,0.3582089552238806,0.3,0.32653061224489793
5,80,0.2907801418439716,0.5125,0.37104072398190047
6,80,0.6666666666666666,0.45,0.5373134328358209
