class_id,support,precision,recall,f1
0,80,0.5168539325842697,0.575,0.544378698224852
1,80,0.627906976744186,0.3375,0.43902439024390244
2,80,0.20388349514563106,0.2625,0.2295081967213115
3,80,0.36,0.5625,0.43902439024390244
4,80,0.22972972972972974,0.2125,0.22077922077922077
5,80,0.23529411764705882,0.25,0.24242424242424243
6,80,0.34146341463414637,0.175,0.23140495867768593
