class_id,support,precision,recall,f1
0,40,0.3673469387755102,0.45,0.4044943820224719
1,40,0.48936170212765956,0.575,0.5287356321839081
2,40,0.2857142857142857,0.45,0.3495145631067961
3,40,0.5416666666666666,0.325,0.40624999999999994
4,40,0.44,0.275,0.3384615384615385
5,40,0.3181818181818182,0.35,0.3333333333333333
6,40,0.5714285714285714,0.4,0.47058823529411764
