class_id,support,precision,recall,f1
0,64,0.8253968253968254,0.8125,0.8188976377952756
1,64,0.7916666666666666,0.890625,0.8382352941176471
2,64,0.75,0.703125,0.7258064516129032
3,64,0.8656716417910447,0.90625,0.8854961832061069
4,64,0.7761194029850746,0.8125,0.7938931297709924
5,64,0.8035714285714286,0.703125,0.75
6,64,0.8888888888888888,0.875,0.8818897637795274
