class_id,support,precision,recall,f1
0,64,0.7777777777777778,0.765625,0.7716535433070867
1,64,0.8125,0.8125,0.8125
2,64,0.6779661016949152,0.625,0.6504065040650406
3,64,0.84375,0.84375,0.84375
4,64,0.711864406779661,0.65625,0.6829268292682927
5,64,0.7058823529411765,0.75,0.7272727272727272
6,64,0.8028169014084507,0.890625,0.8444444444444446
