class_id,support,precision,recall,f1
0,64,0.7575757575757576,0.78125,0.7692307692307692
1,64,0.8095238095238095,0.796875,0.8031496062992126
2,64,0.7083333333333334,0.53125,0.6071428571428571
3,64,0.7428571428571429,0.8125,0.7761194029850748
4,64,0.6666666666666666,0.71875,0.6917293233082707
5,64,0.75,0.75,0.75
6,64,0.8382352941176471,0.890625,0.8636363636363636
