class_id,support,precision,recall,f1
0,64,0.1951219512195122,0.375,0.2566844919786097
1,64,0.27586206896551724,0.25,0.26229508196721313
2,64,0.25757575757575757,0.265625,0.26153846153846155
3,64,0.23214285714285715,0.203125,0.21666666666666665
4,64,0.4375,0.328125,0.375
5,64,0.3548387096774194,0.171875,0.23157894736842105
6,64,0.2727272727272727,0.28125,0.2769230769230769
