class_id,support,precision,recall,f1
0,80,0.40384615384615385,0.525,0.4565217391304348
1,80,0.3543307086614173,0.5625,0.4347826086956521
2,80,0.4482758620689655,0.1625,0.23853211009174316
3,80,0.4,0.025,0.04705882352941177
4,80,0.4482758620689655,0.1625,0.23853211009174316
5,80,0.3076923076923077,0.7,0.4274809160305344
6,80,0.25,0.2625,0.25609756097560976
