class_id,support,precision,recall,f1
0,40,0.7045454545454546,0.775,0.7380952380952381
1,40,0.7368421052631579,0.7,0.717948717948718
2,40,0.35714285714285715,0.25,0.2941176470588235
3,40,0.4642857142857143,0.325,0.3823529411764706
4,40,0.39436619718309857,0.7,0.5045045045045045
5,40,0.6216216216216216,0.575,0.5974025974025973
6,40,0.5294117647058824,0.45,0.48648648648648646
