class_id,support,precision,recall,f1
0,40,0.46296296296296297,0.625,0.5319148936170213
1,40,0.5882352941176471,0.25,0.3508771929824561
2,40,0.45454545454545453,0.375,0.410958904109589
3,40,0.4857142857142857,0.425,0.45333333333333337
4,40,0.3142857142857143,0.55,0.4
5,40,0.3617021276595745,0.425,0.39080459770114945
6,40,0.6666666666666666,0.4,0.5
