class_id,support,precision,recall,f1
0,64,0.9193548387096774,0.890625,0.9047619047619047
1,64,0.8805970149253731,0.921875,0.9007633587786259
2,64,0.5178571428571429,0.453125,0.48333333333333334
3,64,0.7183098591549296,0.796875,0.7555555555555555
4,64,0.6666666666666666,0.65625,0.6614173228346457
5,64,0.8333333333333334,0.78125,0.8064516129032259
6,64,0.8405797101449275,0.90625,0.8721804511278196
