class_id,support,precision,recall,f1
0,64,0.7230769230769231,0.734375,0.7286821705426355
1,64,0.7647058823529411,0.8125,0.787878787878788
2,64,0.7058823529411765,0.5625,0.6260869565217391
3,64,0.7647058823529411,0.8125,0.787878787878788
4,64,0.765625,0.765625,0.765625
5,64,0.7377049180327869,0.703125,0.72
6,64,0.7746478873239436,0.859375,0.8148148148148148
