class_id,support,precision,recall,f1
0,64,0.7758620689655172,0.703125,0.7377049180327868
1,64,0.8208955223880597,0.859375,0.8396946564885497
2,64,0.6666666666666666,0.5625,0.6101694915254238
3,64,0.7936507936507936,0.78125,0.7874015748031497
4,64,0.6470588235294118,0.6875,0.6666666666666667
5,64,0.7205882352941176,0.765625,0.7424242424242423
6,64,0.7857142857142857,0.859375,0.8208955223880597
