class_id,support,precision,recall,f1
0,40,0.06818181818181818,0.075,0.07142857142857141
1,40,0.10526315789473684,0.1,0.10256410256410256
2,40,0.225,0.45,0.3
3,40,0.16216216216216217,0.15,0.15584415584415584
4,40,0.0,0.0,0.0
5,40,0.0,0.0,0.0
6,40,0.04,0.05,0.044444444444444446
