class_id,support,precision,recall,f1
0,40,0.4339622641509434,0.575,0.49462365591397855
1,40,0.6078431372549019,0.775,0.6813186813186813
2,40,0.22857142857142856,0.2,0.21333333333333332
3,40,0.5238095238095238,0.55,0.5365853658536585
4,40,0.35294117647058826,0.3,0.3243243243243243
5,40,0.5,0.55,0.5238095238095238
6,40,0.3333333333333333,0.175,0.22950819672131145
