class_id,support,precision,recall,f1
0,64,0.7575757575757576,0.78125,0.7692307692307692
1,64,0.7611940298507462,0.796875,0.7786259541984732
2,64,0.6515151515151515,0.671875,0.6615384615384616
3,64,0.7567567567567568,0.875,0.8115942028985507
4,64,0.6491228070175439,0.578125,0.6115702479338843
5,64,0.6666666666666666,0.625,0.6451612903225806
6,64,0.8793103448275862,0.796875,0.8360655737704917
