class_id,support,precision,recall,f1
0,40,0.3,0.3,0.3
1,40,0.1388888888888889,0.125,0.13157894736842105
2,40,0.07142857142857142,0.075,0.07317073170731707
3,40,0.0,0.0,0.0
4,40,0.18518518518518517,0.25,0.2127659574468085
5,40,0.14285714285714285,0.125,0.13333333333333333
6,40,0.22807017543859648,0.325,0.26804123711340205
