class_id,support,precision,recall,f1
0,64,0.7719298245614035,0.6875,0.7272727272727273
1,64,0.8059701492537313,0.84375,0.8244274809160305
2,64,0.7142857142857143,0.546875,0.6194690265486725
3,64,0.7333333333333333,0.859375,0.79136690647482
4,64,0.6944444444444444,0.78125,0.7352941176470588
5,64,0.75,0.703125,0.7258064516129032
6,64,0.8823529411764706,0.9375,0.9090909090909091
