class_id,support,precision,recall,f1
0,40,0.5128205128205128,0.5,0.5063291139240506
1,40,0.6296296296296297,0.85,0.723404255319149
2,40,0.275,0.275,0.275
3,40,0.45714285714285713,0.4,0.42666666666666664
4,40,0.4411764705882353,0.375,0.4054054054054054
5,40,0.56,0.7,0.6222222222222222
6,40,0.75,0.525,0.6176470588235295
