class_id,support,precision,recall,f1
0,64,0.7714285714285715,0.84375,0.8059701492537314
1,64,0.864406779661017,0.796875,0.8292682926829269
2,64,0.7169811320754716,0.59375,0.6495726495726496
3,64,0.8,0.8125,0.8062015503875969
4,64,0.6986301369863014,0.796875,0.7445255474452555
5,64,0.8305084745762712,0.765625,0.7967479674796748
6,64,0.8695652173913043,0.9375,0.9022556390977444
