class_id,support,precision,recall,f1
0,40,0.39215686274509803,0.5,0.4395604395604396
1,40,0.5609756097560976,0.575,0.5679012345679012
2,40,0.36923076923076925,0.6,0.4571428571428572
3,40,0.5652173913043478,0.325,0.4126984126984127
4,40,0.3333333333333333,0.075,0.12244897959183673
5,40,0.5098039215686274,0.65,0.5714285714285715
6,40,0.525,0.525,0.525
