class_id,support,precision,recall,f1
0,40,0.2857142857142857,0.15,0.1967213114754098
1,40,0.24324324324324326,0.225,0.23376623376623376
2,40,0.23076923076923078,0.225,0.22784810126582278
3,40,0.14634146341463414,0.15,0.14814814814814814
4,40,0.0975609756097561,0.1,0.09876543209876544
5,40,0.2,0.175,0.18666666666666665
6,40,0.09090909090909091,0.15,0.11320754716981132
