class_id,support,precision,recall,f1
0,64,0.35294117647058826,0.09375,0.14814814814814814
1,64,0.47368421052631576,0.140625,0.21686746987951808
2,64,0.6176470588235294,0.328125,0.42857142857142855
3,64,0.5,0.15625,0.23809523809523808
4,64,0.2727272727272727,0.09375,0.13953488372093023
5,64,0.14012738853503184,0.6875,0.2328042328042328
6,64,0.2727272727272727,0.09375,0.13953488372093023
