class_id,support,precision,recall,f1
0,64,0.7704918032786885,0.734375,0.7519999999999999
1,64,0.7857142857142857,0.859375,0.8208955223880597
2,64,0.6896551724137931,0.625,0.6557377049180328
3,64,0.8103448275862069,0.734375,0.7704918032786885
4,64,0.6716417910447762,0.703125,0.6870229007633589
5,64,0.7301587301587301,0.71875,0.7244094488188977
6,64,0.8450704225352113,0.9375,0.8888888888888888
