class_id,support,precision,recall,f1
0,40,0.6538461538461539,0.425,0.5151515151515152
1,40,0.6111111111111112,0.55,0.5789473684210527
2,40,0.25333333333333335,0.475,0.3304347826086957
3,40,0.5714285714285714,0.4,0.47058823529411764
4,40,0.45454545454545453,0.125,0.196078431372549
5,40,0.5660377358490566,0.75,0.6451612903225807
6,40,0.5490196078431373,0.7,0.6153846153846154
