class_id,support,precision,recall,f1
0,80,0.4084507042253521,0.3625,0.3841059602649007
1,80,0.4647887323943662,0.4125,0.4370860927152318
2,80,0.20125786163522014,0.4,0.26778242677824265
3,80,0.37362637362637363,0.425,0.39766081871345027
4,80,0.19718309859154928,0.175,0.18543046357615892
5,80,0.45161290322580644,0.35,0.3943661971830986
6,80,0.5142857142857142,0.225,0.31304347826086953
