class_id,support,precision,recall,f1
0,80,0.5507246376811594,0.475,0.5100671140939598
1,80,0.5119047619047619,0.5375,0.5243902439024389
2,80,0.28735632183908044,0.3125,0.2994011976047904
3,80,0.5142857142857142,0.225,0.31304347826086953
4,80,0.3125,0.25,0.2777777777777778
5,80,0.2857142857142857,0.5,0.36363636363636365
6,80,0.5061728395061729,0.5125,0.5093167701863354
