class_id,support,precision,recall,f1
0,64,0.819672131147541,0.78125,0.8
1,64,0.8142857142857143,0.890625,0.8507462686567163
2,64,0.6938775510204082,0.53125,0.6017699115044248
3,64,0.8153846153846154,0.828125,0.8217054263565892
4,64,0.6865671641791045,0.71875,0.7022900763358778
5,64,0.7222222222222222,0.8125,0.7647058823529411
6,64,0.859375,0.859375,0.859375
