class_id,support,precision,recall,f1
0,64,0.7428571428571429,0.8125,0.7761194029850748
1,64,0.8360655737704918,0.796875,0.816
2,64,0.7580645161290323,0.734375,0.7460317460317459
3,64,0.782608695652174,0.84375,0.81203007518797
4,64,0.7647058823529411,0.8125,0.787878787878788
5,64,0.7777777777777778,0.65625,0.711864406779661
6,64,0.875,0.875,0.875
