class_id,support,precision,recall,f1
0,64,0.7727272727272727,0.796875,0.7846153846153846
1,64,0.8088235294117647,0.859375,0.8333333333333333
2,64,0.7169811320754716,0.59375,0.6495726495726496
3,64,0.7368421052631579,0.875,0.7999999999999999
4,64,0.7,0.765625,0.7313432835820896
5,64,0.7777777777777778,0.65625,0.711864406779661
6,64,0.9180327868852459,0.875,0.8959999999999999
