class_id,support,precision,recall,f1
0,80,0.5233644859813084,0.7,0.5989304812834225
1,80,0.6923076923076923,0.45,0.5454545454545455
2,80,0.1553398058252427,0.2,0.17486338797814208
3,80,0.3252032520325203,0.5,0.39408866995073893
4,80,0.20430107526881722,0.2375,0.21965317919075147
5,80,0.39285714285714285,0.275,0.32352941176470584
6,80,0.6538461538461539,0.2125,0.32075471698113206
