class_id,support,precision,recall,f1
0,64,0.3103448275862069,0.140625,0.1935483870967742
1,64,0.2692307692307692,0.21875,0.2413793103448276
2,64,0.23622047244094488,0.46875,0.31413612565445026
3,64,0.3142857142857143,0.34375,0.3283582089552239
4,64,0.36,0.28125,0.3157894736842105
5,64,0.20588235294117646,0.109375,0.14285714285714285
6,64,0.2441860465116279,0.328125,0.27999999999999997
