class_id,support,precision,recall,f1
0,64,0.19767441860465115,0.265625,0.22666666666666663
1,64,0.3333333333333333,0.453125,0.3841059602649007
2,64,0.23333333333333334,0.328125,0.2727272727272727
3,64,0.0,0.0,0.0
4,64,0.3125,0.15625,0.20833333333333334
5,64,0.19047619047619047,0.0625,0.09411764705882353
6,64,0.2713178294573643,0.546875,0.36269430051813467
