class_id,support,precision,recall,f1
0,64,0.6829268292682927,0.4375,0.5333333333333333
1,64,0.7049180327868853,0.671875,0.688
2,64,0.3582089552238806,0.375,0.36641221374045807
3,64,0.5058823529411764,0.671875,0.5771812080536912
4,64,0.5454545454545454,0.46875,0.5042016806722689
5,64,0.5058823529411764,0.671875,0.5771812080536912
6,64,0.5740740740740741,0.484375,0.5254237288135594
