class_id,support,precision,recall,f1
0,80,0.28888888888888886,0.1625,0.20800000000000002
1,80,0.25,0.1375,0.1774193548387097
2,80,0.2916666666666667,0.4375,0.35000000000000003
3,80,0.48717948717948717,0.2375,0.31932773109243695
4,80,0.22857142857142856,0.2,0.21333333333333332
5,80,0.25384615384615383,0.4125,0.3142857142857143
6,80,0.44642857142857145,0.625,0.5208333333333334
