class_id,support,precision,recall,f1
0,40,0.75,0.225,0.3461538461538462
1,40,0.475,0.475,0.47500000000000003
2,40,0.25925925925925924,0.175,0.208955223880597
3,40,0.32727272727272727,0.45,0.3789473684210526
4,40,0.14285714285714285,0.075,0.0983606557377049
5,40,0.3333333333333333,0.175,0.22950819672131145
6,40,0.25,0.65,0.3611111111111111
