class_id,support,precision,recall,f1
0,40,0.42857142857142855,0.525,0.4719101123595506
1,40,0.40625,0.325,0.36111111111111116
2,40,0.3076923076923077,0.2,0.24242424242424246
3,40,0.45454545454545453,0.375,0.410958904109589
4,40,0.20454545454545456,0.225,0.2142857142857143
5,40,0.3333333333333333,0.625,0.43478260869565216
6,40,0.7142857142857143,0.375,0.4918032786885245
