class_id,support,precision,recall,f1
0,40,0.4166666666666667,0.125,0.1923076923076923
1,40,0.5,0.35,0.4117647058823529
2,40,0.1,0.025,0.04000000000000001
3,40,0.4878048780487805,0.5,0.49382716049382713
4,40,0.10714285714285714,0.075,0.08823529411764705
5,40,0.1891891891891892,0.175,0.18181818181818182
6,40,0.25,0.775,0.37804878048780494
