class_id,support,precision,recall,f1
0,64,0.32926829268292684,0.421875,0.3698630136986301
1,64,0.43103448275862066,0.390625,0.40983606557377045
2,64,0.27906976744186046,0.1875,0.22429906542056074
3,64,0.4406779661016949,0.40625,0.42276422764227645
4,64,0.30357142857142855,0.265625,0.2833333333333333
5,64,0.2711864406779661,0.25,0.2601626016260163
6,64,0.3516483516483517,0.5,0.4129032258064516
