class_id,support,precision,recall,f1
0,40,0.23809523809523808,0.125,0.16393442622950818
1,40,0.5555555555555556,0.125,0.20408163265306123
2,40,0.21052631578947367,0.1,0.13559322033898305
3,40,0.25396825396825395,0.4,0.3106796116504854
4,40,0.12195121951219512,0.125,0.12345679012345678
5,40,0.25,0.175,0.20588235294117646
6,40,0.25252525252525254,0.625,0.3597122302158273
