class_id,support,precision,recall,f1
0,64,0.7936507936507936,0.78125,0.7874015748031497
1,64,0.8412698412698413,0.828125,0.8346456692913385
2,64,0.6721311475409836,0.640625,0.6559999999999999
3,64,0.8333333333333334,0.859375,0.8461538461538461
4,64,0.7169811320754716,0.59375,0.6495726495726496
5,64,0.6486486486486487,0.75,0.6956521739130435
6,64,0.8235294117647058,0.875,0.8484848484848485
