class_id,support,precision,recall,f1
0,80,0.4262295081967213,0.325,0.36879432624113473
1,80,0.3709677419354839,0.2875,0.32394366197183094
2,80,0.0,0.0,0.0
3,80,0.35185185185185186,0.2375,0.2835820895522388
4,80,0.3076923076923077,0.1,0.15094339622641512
5,80,0.1822429906542056,0.4875,0.26530612244897955
6,80,0.20714285714285716,0.3625,0.26363636363636367
