class_id,support,precision,recall,f1
0,40,0.4186046511627907,0.45,0.43373493975903615
1,40,0.5,0.7,0.5833333333333334
2,40,0.19230769230769232,0.25,0.2173913043478261
3,40,0.2903225806451613,0.225,0.2535211267605634
4,40,0.23529411764705882,0.3,0.26373626373626374
5,40,0.5,0.475,0.48717948717948717
6,40,0.7777777777777778,0.175,0.2857142857142857
