class_id,support,precision,recall,f1
0,40,0.509090909090909,0.7,0.5894736842105263
1,40,0.7222222222222222,0.325,0.44827586206896547
2,40,0.25862068965517243,0.375,0.3061224489795919
3,40,0.5405405405405406,0.5,0.5194805194805195
4,40,0.3333333333333333,0.475,0.3917525773195876
5,40,0.45,0.225,0.3
6,40,0.6571428571428571,0.575,0.6133333333333333
