class_id,support,precision,recall,f1
0,64,0.7540983606557377,0.71875,0.7359999999999999
1,64,0.7432432432432432,0.859375,0.7971014492753623
2,64,0.5737704918032787,0.546875,0.5599999999999999
3,64,0.8421052631578947,0.75,0.7933884297520661
4,64,0.7313432835820896,0.765625,0.748091603053435
5,64,0.671875,0.671875,0.671875
6,64,0.890625,0.890625,0.890625
