class_id,support,precision,recall,f1
0,64,0.8529411764705882,0.90625,0.8787878787878787
1,64,0.8888888888888888,0.875,0.8818897637795274
2,64,0.6111111111111112,0.515625,0.559322033898305
3,64,0.7160493827160493,0.90625,0.7999999999999999
4,64,0.6557377049180327,0.625,0.64
5,64,0.8867924528301887,0.734375,0.8034188034188035
6,64,0.8529411764705882,0.90625,0.8787878787878787
