class_id,support,precision,recall,f1
0,40,0.4166666666666667,0.25,0.3125
1,40,0.6153846153846154,0.2,0.30188679245283023
2,40,0.2,0.075,0.10909090909090907
3,40,0.37209302325581395,0.4,0.38554216867469876
4,40,0.19047619047619047,0.1,0.1311475409836066
5,40,0.3055555555555556,0.275,0.2894736842105263
6,40,0.2578125,0.825,0.39285714285714285
