class_id,support,precision,recall,f1
0,40,0.32608695652173914,0.375,0.3488372093023256
1,40,0.8,0.4,0.5333333333333333
2,40,0.2,0.225,0.21176470588235294
3,40,0.52,0.325,0.4
4,40,0.16666666666666666,0.2,0.1818181818181818
5,40,0.2,0.275,0.23157894736842108
6,40,0.4146341463414634,0.425,0.41975308641975306
