class_id,support,precision,recall,f1
0,64,0.3132530120481928,0.40625,0.35374149659863946
1,64,0.2891566265060241,0.375,0.3265306122448979
2,64,0.45614035087719296,0.40625,0.4297520661157025
3,64,0.5254237288135594,0.484375,0.5040650406504066
4,64,0.5357142857142857,0.46875,0.5
5,64,0.37735849056603776,0.3125,0.3418803418803419
6,64,0.5263157894736842,0.46875,0.49586776859504134
