class_id,support,precision,recall,f1
0,64,0.7878787878787878,0.8125,0.8
1,64,0.7534246575342466,0.859375,0.8029197080291972
2,64,0.5342465753424658,0.609375,0.5693430656934307
3,64,0.864406779661017,0.796875,0.8292682926829269
4,64,0.6666666666666666,0.53125,0.591304347826087
5,64,0.6507936507936508,0.640625,0.6456692913385828
6,64,0.8095238095238095,0.796875,0.8031496062992126
