class_id,support,precision,recall,f1
0,40,0.6086956521739131,0.35,0.4444444444444444
1,40,0.5238095238095238,0.275,0.36065573770491804
2,40,0.23529411764705882,0.2,0.2162162162162162
3,40,0.0,0.0,0.0
4,40,0.15151515151515152,0.25,0.18867924528301888
5,40,0.3448275862068966,0.25,0.2898550724637681
6,40,0.24509803921568626,0.625,0.352112676056338
