class_id,support,precision,recall,f1
0,40,0.53125,0.85,0.6538461538461537
1,40,0.53125,0.425,0.47222222222222215
2,40,0.3333333333333333,0.525,0.40776699029126207
3,40,0.8181818181818182,0.45,0.5806451612903226
4,40,0.36,0.225,0.27692307692307694
5,40,0.2926829268292683,0.3,0.2962962962962963
6,40,0.5757575757575758,0.475,0.5205479452054794
