class_id,support,precision,recall,f1
0,40,0.37037037037037035,0.5,0.425531914893617
1,40,0.3389830508474576,0.5,0.40404040404040403
2,40,0.2857142857142857,0.1,0.14814814814814817
3,40,0.08333333333333333,0.025,0.03846153846153846
4,40,0.11538461538461539,0.15,0.13043478260869565
5,40,0.2702702702702703,0.25,0.25974025974025977
6,40,0.1346153846153846,0.175,0.15217391304347824
