class_id,support,precision,recall,f1
0,64,0.675,0.84375,0.75
1,64,0.8421052631578947,0.75,0.7933884297520661
2,64,0.6833333333333333,0.640625,0.6612903225806451
3,64,0.859375,0.859375,0.859375
4,64,0.7777777777777778,0.765625,0.7716535433070867
5,64,0.71875,0.71875,0.71875
6,64,0.8833333333333333,0.828125,0.8548387096774193
