class_id,support,precision,recall,f1
0,64,0.7352941176470589,0.78125,0.7575757575757576
1,64,0.8813559322033898,0.8125,0.8455284552845529
2,64,0.7735849056603774,0.640625,0.7008547008547009
3,64,0.7702702702702703,0.890625,0.8260869565217391
4,64,0.7571428571428571,0.828125,0.7910447761194029
5,64,0.7833333333333333,0.734375,0.7580645161290323
6,64,0.921875,0.921875,0.921875
