class_id,support,precision,recall,f1
0,64,0.7692307692307693,0.78125,0.7751937984496126
1,64,0.7936507936507936,0.78125,0.7874015748031497
2,64,0.6851851851851852,0.578125,0.6271186440677967
3,64,0.7936507936507936,0.78125,0.7874015748031497
4,64,0.6666666666666666,0.78125,0.7194244604316546
5,64,0.7049180327868853,0.671875,0.688
6,64,0.8507462686567164,0.890625,0.8702290076335878
