class_id,support,precision,recall,f1
0,40,0.16216216216216217,0.15,0.15584415584415584
1,40,0.0,0.0,0.0
2,40,0.1640625,0.525,0.25
3,40,0.16666666666666666,0.075,0.10344827586206896
4,40,0.40384615384615385,0.525,0.4565217391304348
5,40,0.0,0.0,0.0
6,40,0.15384615384615385,0.15,0.1518987341772152
