class_id,support,precision,recall,f1
0,40,0.15384615384615385,0.15,0.1518987341772152
1,40,0.14814814814814814,0.1,0.11940298507462688
2,40,0.25,0.35,0.2916666666666667
3,40,0.07894736842105263,0.075,0.07692307692307693
4,40,0.0,0.0,0.0
5,40,0.21621621621621623,0.2,0.2077922077922078
6,40,0.22448979591836735,0.275,0.24719101123595505
