class_id,support,precision,recall,f1
0,64,0.8620689655172413,0.78125,0.8196721311475409
1,64,0.8142857142857143,0.890625,0.8507462686567163
2,64,0.6527777777777778,0.734375,0.6911764705882354
3,64,0.8688524590163934,0.828125,0.8480000000000001
4,64,0.7,0.765625,0.7313432835820896
5,64,0.7735849056603774,0.640625,0.7008547008547009
6,64,0.859375,0.859375,0.859375
