class_id,support,precision,recall,f1
0,64,0.2345679012345679,0.296875,0.2620689655172414
1,64,0.2682926829268293,0.34375,0.3013698630136986
2,64,0.30864197530864196,0.390625,0.3448275862068965
3,64,0.23157894736842105,0.34375,0.2767295597484276
4,64,0.4482758620689655,0.203125,0.27956989247311825
5,64,0.4523809523809524,0.296875,0.3584905660377359
6,64,0.2631578947368421,0.15625,0.19607843137254902
