class_id,support,precision,recall,f1
0,40,0.14285714285714285,0.2,0.16666666666666666
1,40,0.05405405405405406,0.05,0.05194805194805195
2,40,0.0,0.0,0.0
3,40,0.0,0.0,0.0
4,40,0.13966480446927373,0.625,0.228310502283105
5,40,0.0,0.0,0.0
6,40,0.0,0.0,0.0
