class_id,support,precision,recall,f1
0,40,0.5789473684210527,0.275,0.37288135593220345
1,40,0.5918367346938775,0.725,0.6516853932584269
2,40,0.2692307692307692,0.525,0.35593220338983045
3,40,0.7333333333333333,0.55,0.6285714285714286
4,40,0.0,0.0,0.0
5,40,0.5531914893617021,0.65,0.5977011494252874
6,40,0.6078431372549019,0.775,0.6813186813186813
