class_id,support,precision,recall,f1
0,40,0.46875,0.375,0.4166666666666667
1,40,0.7307692307692307,0.475,0.5757575757575758
2,40,0.18604651162790697,0.4,0.25396825396825395
3,40,0.0,0.0,0.0
4,40,0.2222222222222222,0.05,0.0816326530612245
5,40,0.3387096774193548,0.525,0.4117647058823529
6,40,0.24561403508771928,0.35,0.28865979381443296
