class_id,support,precision,recall,f1
0,40,0.6538461538461539,0.425,0.5151515151515152
1,40,0.5,0.45,0.4736842105263158
2,40,0.2222222222222222,0.4,0.2857142857142857
3,40,0.625,0.5,0.5555555555555556
4,40,0.45454545454545453,0.125,0.196078431372549
5,40,0.5263157894736842,0.75,0.6185567010309279
6,40,0.5869565217391305,0.675,0.627906976744186
