class_id,support,precision,recall,f1
0,64,0.746268656716418,0.78125,0.7633587786259542
1,64,0.8095238095238095,0.796875,0.8031496062992126
2,64,0.5471698113207547,0.453125,0.49572649572649563
3,64,0.43037974683544306,0.53125,0.47552447552447547
4,64,0.6296296296296297,0.53125,0.5762711864406779
5,64,0.5714285714285714,0.625,0.5970149253731343
6,64,0.6935483870967742,0.671875,0.6825396825396826
