class_id,support,precision,recall,f1
0,80,0.4444444444444444,0.3,0.3582089552238806
1,80,0.6375,0.6375,0.6375
2,80,0.23255813953488372,0.125,0.1626016260162602
3,80,0.4473684210526316,0.2125,0.288135593220339
4,80,0.25,0.275,0.2619047619047619
5,80,0.36,0.5625,0.43902439024390244
6,80,0.3409090909090909,0.5625,0.42452830188679247
