class_id,support,precision,recall,f1
0,64,0.36923076923076925,0.375,0.37209302325581395
1,64,0.3424657534246575,0.390625,0.36496350364963503
2,64,0.3090909090909091,0.265625,0.2857142857142857
3,64,0.3968253968253968,0.390625,0.3937007874015748
4,64,0.25,0.28125,0.2647058823529412
5,64,0.3157894736842105,0.28125,0.2975206611570248
6,64,0.2698412698412698,0.265625,0.2677165354330709
