class_id,support,precision,recall,f1
0,64,0.27102803738317754,0.453125,0.33918128654970764
1,64,0.28205128205128205,0.34375,0.3098591549295775
2,64,0.3684210526315789,0.328125,0.3471074380165289
3,64,0.3898305084745763,0.359375,0.37398373983739835
4,64,0.47619047619047616,0.3125,0.37735849056603776
5,64,0.45161290322580644,0.21875,0.29473684210526313
6,64,0.2702702702702703,0.3125,0.2898550724637681
