class_id,support,precision,recall,f1
0,40,0.6,0.675,0.6352941176470589
1,40,0.5098039215686274,0.65,0.5714285714285715
2,40,0.23636363636363636,0.325,0.27368421052631575
3,40,0.3111111111111111,0.35,0.32941176470588235
4,40,0.4117647058823529,0.35,0.37837837837837834
5,40,0.35555555555555557,0.4,0.3764705882352941
6,40,1.0,0.125,0.2222222222222222
