class_id,support,precision,recall,f1
0,64,0.8363636363636363,0.71875,0.7731092436974789
1,64,0.7702702702702703,0.890625,0.8260869565217391
2,64,0.7192982456140351,0.640625,0.6776859504132231
3,64,0.7903225806451613,0.765625,0.7777777777777778
4,64,0.6714285714285714,0.734375,0.7014925373134329
5,64,0.71875,0.71875,0.71875
6,64,0.8484848484848485,0.875,0.8615384615384615
