class_id,support,precision,recall,f1
0,40,0.4827586206896552,0.35,0.4057971014492754
1,40,0.29411764705882354,0.5,0.37037037037037035
2,40,0.3076923076923077,0.2,0.24242424242424246
3,40,0.3333333333333333,0.225,0.26865671641791045
4,40,0.2,0.15,0.17142857142857143
5,40,0.28,0.35,0.3111111111111111
6,40,0.26,0.325,0.2888888888888889
