class_id,support,precision,recall,f1
0,40,0.4222222222222222,0.475,0.4470588235294118
1,40,0.475,0.475,0.47500000000000003
2,40,0.25396825396825395,0.4,0.3106796116504854
3,40,0.4444444444444444,0.2,0.2758620689655173
4,40,0.32608695652173914,0.375,0.3488372093023256
5,40,0.28,0.35,0.3111111111111111
6,40,0.4444444444444444,0.2,0.2758620689655173
