class_id,support,precision,recall,f1
0,64,0.7377049180327869,0.703125,0.72
1,64,0.8,0.8125,0.8062015503875969
2,64,0.6964285714285714,0.609375,0.65
3,64,0.782608695652174,0.84375,0.81203007518797
4,64,0.6666666666666666,0.71875,0.6917293233082707
5,64,0.7096774193548387,0.6875,0.6984126984126984
6,64,0.8787878787878788,0.90625,0.8923076923076922
