class_id,support,precision,recall,f1
0,40,0.1968503937007874,0.625,0.29940119760479045
1,40,0.18421052631578946,0.35,0.24137931034482757
2,40,0.3333333333333333,0.025,0.046511627906976744
3,40,0.0,0.0,0.0
4,40,0.0,0.0,0.0
5,40,0.24324324324324326,0.45,0.3157894736842105
6,40,0.0,0.0,0.0
