class_id,support,precision,recall,f1
0,64,0.3225806451612903,0.3125,0.3174603174603175
1,64,0.3384615384615385,0.34375,0.34108527131782945
2,64,0.25,0.359375,0.2948717948717949
3,64,0.3561643835616438,0.40625,0.3795620437956204
4,64,0.38095238095238093,0.25,0.3018867924528302
5,64,0.25806451612903225,0.125,0.16842105263157894
6,64,0.3614457831325301,0.46875,0.4081632653061224
