class_id,support,precision,recall,f1
0,80,0.5217391304347826,0.6,0.5581395348837209
1,80,0.36428571428571427,0.6375,0.46363636363636357
2,80,0.4444444444444444,0.2,0.2758620689655173
3,80,0.6470588235294118,0.1375,0.22680412371134023
4,80,0.4117647058823529,0.175,0.2456140350877193
5,80,0.3858267716535433,0.6125,0.47342995169082125
6,80,0.40350877192982454,0.575,0.4742268041237113
