class_id,support,precision,recall,f1
0,40,0.5365853658536586,0.55,0.54320987654321
1,40,0.5111111111111111,0.575,0.5411764705882353
2,40,0.38181818181818183,0.525,0.4421052631578947
3,40,0.6216216216216216,0.575,0.5974025974025973
4,40,0.3333333333333333,0.2,0.25
5,40,0.3333333333333333,0.325,0.32911392405063294
6,40,0.5897435897435898,0.575,0.5822784810126582
