class_id,support,precision,recall,f1
0,64,0.7183098591549296,0.796875,0.7555555555555555
1,64,0.7758620689655172,0.703125,0.7377049180327868
2,64,0.6268656716417911,0.65625,0.6412213740458016
3,64,0.7567567567567568,0.875,0.8115942028985507
4,64,0.8627450980392157,0.6875,0.7652173913043478
5,64,0.6461538461538462,0.65625,0.6511627906976746
6,64,0.8709677419354839,0.84375,0.8571428571428571
