class_id,support,precision,recall,f1
0,40,0.6545454545454545,0.9,0.7578947368421052
1,40,0.7741935483870968,0.6,0.676056338028169
2,40,0.42424242424242425,0.35,0.3835616438356164
3,40,0.8181818181818182,0.675,0.7397260273972603
4,40,0.48484848484848486,0.4,0.4383561643835617
5,40,0.5084745762711864,0.75,0.6060606060606061
6,40,0.8055555555555556,0.725,0.7631578947368423
