class_id,support,precision,recall,f1
0,40,0.5,0.275,0.3548387096774194
1,40,0.5454545454545454,0.3,0.3870967741935483
2,40,0.15,0.075,0.1
3,40,0.29411764705882354,0.375,0.3296703296703296
4,40,0.21052631578947367,0.2,0.20512820512820512
5,40,0.2962962962962963,0.2,0.23880597014925375
6,40,0.15,0.375,0.21428571428571425
