class_id,support,precision,recall,f1
0,21,1.0,1.0,1.0
1,21,0.9545454545454546,1.0,0.9767441860465117
2,21,1.0,1.0,1.0
3,21,1.0,1.0,1.0
4,21,0.9545454545454546,1.0,0.9767441860465117
5,21,1.0,0.9523809523809523,0.975609756097561
6,21,0.9545454545454546,1.0,0.9767441860465117
7,21,1.0,1.0,1.0
8,21,1.0,1.0,1.0
9,21,0.9523809523809523,0.9523809523809523,0.9523809523809523
10,21,1.0,1.0,1.0
11,21,1.0,0.9047619047619048,0.9500000000000001
12,21,1.0,1.0,1.0
13,21,1.0,1.0,1.0
