class_id,support,precision,recall,f1
0,40,0.21428571428571427,0.075,0.1111111111111111
1,40,0.14728682170542637,0.475,0.22485207100591717
2,40,0.5714285714285714,0.1,0.1702127659574468
3,40,0.15384615384615385,0.1,0.12121212121212123
4,40,0.28125,0.225,0.25
5,40,0.03225806451612903,0.025,0.028169014084507043
6,40,0.2682926829268293,0.275,0.271604938271605
