class_id,support,precision,recall,f1
0,80,0.3217391304347826,0.4625,0.37948717948717947
1,80,0.4626865671641791,0.3875,0.4217687074829932
2,80,0.14285714285714285,0.125,0.13333333333333333
3,80,0.45454545454545453,0.25,0.3225806451612903
4,80,0.37209302325581395,0.2,0.2601626016260163
5,80,0.2839506172839506,0.575,0.38016528925619836
6,80,0.5084745762711864,0.375,0.4316546762589928
