class_id,support,precision,recall,f1
0,80,0.55,0.55,0.55
1,80,0.56,0.525,0.5419354838709678
2,80,0.3118279569892473,0.3625,0.3352601156069364
3,80,0.5333333333333333,0.4,0.4571428571428572
4,80,0.3404255319148936,0.2,0.25196850393700787
5,80,0.2786885245901639,0.425,0.33663366336633666
6,80,0.4578313253012048,0.475,0.46625766871165636
