class_id,support,precision,recall,f1
0,64,0.7692307692307693,0.78125,0.7751937984496126
1,64,0.7761194029850746,0.8125,0.7938931297709924
2,64,0.7,0.546875,0.6140350877192983
3,64,0.7894736842105263,0.9375,0.8571428571428572
4,64,0.8333333333333334,0.703125,0.7627118644067796
5,64,0.7058823529411765,0.75,0.7272727272727272
6,64,0.8823529411764706,0.9375,0.9090909090909091
