class_id,support,precision,recall,f1
0,40,0.3548387096774194,0.55,0.43137254901960786
1,40,0.46808510638297873,0.55,0.5057471264367817
2,40,0.39215686274509803,0.5,0.4395604395604396
3,40,0.8,0.5,0.6153846153846154
4,40,0.4444444444444444,0.1,0.163265306122449
5,40,0.42105263157894735,0.4,0.41025641025641024
6,40,0.4166666666666667,0.5,0.45454545454545453
