class_id,support,precision,recall,f1
0,40,0.5094339622641509,0.675,0.5806451612903226
1,40,0.38461538461538464,0.5,0.4347826086956522
2,40,0.24358974358974358,0.475,0.3220338983050847
3,40,0.4375,0.175,0.24999999999999994
4,40,0.21052631578947367,0.1,0.13559322033898305
5,40,0.3269230769230769,0.425,0.3695652173913044
6,40,0.7,0.175,0.27999999999999997
