class_id,support,precision,recall,f1
0,64,0.13714285714285715,0.375,0.20083682008368203
1,64,0.10526315789473684,0.09375,0.09917355371900827
2,64,0.2032520325203252,0.390625,0.26737967914438504
3,64,0.18421052631578946,0.109375,0.1372549019607843
4,64,0.48484848484848486,0.25,0.32989690721649484
5,64,0.0,0.0,0.0
6,64,0.15,0.046875,0.07142857142857142
