class_id,support,precision,recall,f1
0,40,0.4878048780487805,0.5,0.49382716049382713
1,40,0.6896551724137931,0.5,0.5797101449275363
2,40,0.24358974358974358,0.475,0.3220338983050847
3,40,0.5666666666666667,0.425,0.48571428571428565
4,40,0.41935483870967744,0.325,0.36619718309859156
5,40,0.24489795918367346,0.3,0.2696629213483146
6,40,0.6363636363636364,0.35,0.45161290322580644
