class_id,support,precision,recall,f1
0,64,0.17391304347826086,0.25,0.20512820512820512
1,64,0.30434782608695654,0.21875,0.2545454545454546
2,64,0.2619047619047619,0.171875,0.20754716981132074
3,64,0.15217391304347827,0.109375,0.1272727272727273
4,64,0.2982456140350877,0.265625,0.28099173553719003
5,64,0.3191489361702128,0.234375,0.2702702702702703
6,64,0.23728813559322035,0.4375,0.30769230769230765
