class_id,support,precision,recall,f1
0,64,0.7014925373134329,0.734375,0.7175572519083969
1,64,0.734375,0.734375,0.734375
2,64,0.6065573770491803,0.578125,0.592
3,64,0.7246376811594203,0.78125,0.7518796992481203
4,64,0.6,0.609375,0.6046511627906976
5,64,0.6129032258064516,0.59375,0.6031746031746031
6,64,0.8166666666666667,0.765625,0.7903225806451613
