class_id,support,precision,recall,f1
0,64,0.86,0.671875,0.7543859649122807
1,64,0.7631578947368421,0.90625,0.8285714285714286
2,64,0.7169811320754716,0.59375,0.6495726495726496
3,64,0.8032786885245902,0.765625,0.784
4,64,0.696969696969697,0.71875,0.7076923076923077
5,64,0.6716417910447762,0.703125,0.6870229007633589
6,64,0.8133333333333334,0.953125,0.8776978417266187
