class_id,support,precision,recall,f1
0,40,0.5,0.525,0.5121951219512195
1,40,0.7777777777777778,0.35,0.48275862068965514
2,40,0.12987012987012986,0.25,0.17094017094017092
3,40,0.25925925925925924,0.175,0.208955223880597
4,40,0.07894736842105263,0.075,0.07692307692307693
5,40,0.2641509433962264,0.35,0.30107526881720426
6,40,0.52,0.325,0.4
