class_id,support,precision,recall,f1
0,64,0.7205882352941176,0.765625,0.7424242424242423
1,64,0.7575757575757576,0.78125,0.7692307692307692
2,64,0.6271186440677966,0.578125,0.6016260162601625
3,64,0.6986301369863014,0.796875,0.7445255474452555
4,64,0.6949152542372882,0.640625,0.6666666666666667
5,64,0.7678571428571429,0.671875,0.7166666666666668
6,64,0.8208955223880597,0.859375,0.8396946564885497
