class_id,support,precision,recall,f1
0,64,0.35294117647058826,0.09375,0.14814814814814814
1,64,0.20833333333333334,0.078125,0.11363636363636363
2,64,0.4,0.09375,0.1518987341772152
3,64,0.35135135135135137,0.203125,0.25742574257425743
4,64,0.17869415807560138,0.8125,0.29295774647887324
5,64,0.2222222222222222,0.09375,0.13186813186813187
6,64,0.5675675675675675,0.328125,0.4158415841584159
