class_id,support,precision,recall,f1
0,40,0.6842105263157895,0.325,0.4406779661016949
1,40,0.5555555555555556,0.5,0.5263157894736842
2,40,0.25301204819277107,0.525,0.34146341463414637
3,40,0.391304347826087,0.225,0.2857142857142857
4,40,0.6,0.225,0.3272727272727273
5,40,0.46808510638297873,0.55,0.5057471264367817
6,40,0.49122807017543857,0.7,0.5773195876288659
