class_id,support,precision,recall,f1
0,40,0.42857142857142855,0.15,0.2222222222222222
1,40,0.3888888888888889,0.35,0.36842105263157887
2,40,0.4166666666666667,0.125,0.1923076923076923
3,40,0.328125,0.525,0.40384615384615385
4,40,0.13333333333333333,0.1,0.1142857142857143
5,40,0.36363636363636365,0.2,0.25806451612903225
6,40,0.19607843137254902,0.5,0.28169014084507044
