class_id,support,precision,recall,f1
0,40,0.64,0.4,0.4923076923076923
1,40,0.6486486486486487,0.6,0.6233766233766234
2,40,0.26582278481012656,0.525,0.3529411764705882
3,40,0.6190476190476191,0.325,0.42622950819672134
4,40,0.6153846153846154,0.2,0.30188679245283023
5,40,0.40425531914893614,0.475,0.4367816091954023
6,40,0.3793103448275862,0.55,0.4489795918367347
