class_id,support,precision,recall,f1
0,40,0.49056603773584906,0.65,0.5591397849462365
1,40,0.5,0.175,0.25925925925925924
2,40,0.391304347826087,0.45,0.4186046511627907
3,40,0.5121951219512195,0.525,0.5185185185185186
4,40,0.3125,0.5,0.38461538461538464
5,40,0.4482758620689655,0.325,0.3768115942028986
6,40,0.45454545454545453,0.375,0.410958904109589
