class_id,support,precision,recall,f1
0,40,0.8181818181818182,0.45,0.5806451612903226
1,40,0.6585365853658537,0.675,0.6666666666666667
2,40,0.23232323232323232,0.575,0.3309352517985612
3,40,0.45,0.225,0.3
4,40,0.0,0.0,0.0
5,40,0.6511627906976745,0.7,0.674698795180723
6,40,0.5434782608695652,0.625,0.5813953488372093
