class_id,support,precision,recall,f1
0,40,0.5254237288135594,0.775,0.6262626262626263
1,40,0.5833333333333334,0.525,0.5526315789473685
2,40,0.2222222222222222,0.2,0.2105263157894737
3,40,0.4634146341463415,0.475,0.4691358024691358
4,40,0.28205128205128205,0.275,0.27848101265822783
5,40,0.3469387755102041,0.425,0.38202247191011235
6,40,0.95,0.475,0.6333333333333334
