class_id,support,precision,recall,f1
0,40,0.4444444444444444,0.6,0.5106382978723405
1,40,0.6,0.375,0.4615384615384615
2,40,0.13636363636363635,0.075,0.09677419354838708
3,40,0.5555555555555556,0.5,0.5263157894736842
4,40,0.2727272727272727,0.3,0.28571428571428564
5,40,0.3373493975903614,0.7,0.45528455284552843
6,40,0.6875,0.275,0.3928571428571429
