class_id,support,precision,recall,f1
0,64,0.71875,0.71875,0.71875
1,64,0.8166666666666667,0.765625,0.7903225806451613
2,64,0.7457627118644068,0.6875,0.7154471544715446
3,64,0.75,0.84375,0.7941176470588235
4,64,0.7761194029850746,0.8125,0.7938931297709924
5,64,0.7,0.65625,0.6774193548387096
6,64,0.8484848484848485,0.875,0.8615384615384615
