class_id,support,precision,recall,f1
0,40,0.36363636363636365,0.5,0.4210526315789474
1,40,0.6428571428571429,0.225,0.33333333333333337
2,40,0.2222222222222222,0.45,0.29752066115702475
3,40,0.5294117647058824,0.225,0.31578947368421056
4,40,0.1111111111111111,0.05,0.06896551724137932
5,40,0.3181818181818182,0.35,0.3333333333333333
6,40,0.37254901960784315,0.475,0.4175824175824176
