class_id,support,precision,recall,f1
0,40,0.3333333333333333,0.325,0.32911392405063294
1,40,0.43333333333333335,0.325,0.37142857142857144
2,40,0.22330097087378642,0.575,0.32167832167832167
3,40,0.36363636363636365,0.2,0.25806451612903225
4,40,0.2,0.075,0.10909090909090907
5,40,0.23076923076923078,0.225,0.22784810126582278
6,40,0.59375,0.475,0.5277777777777778
