class_id,support,precision,recall,f1
0,40,0.2692307692307692,0.175,0.2121212121212121
1,40,0.5,0.375,0.42857142857142855
2,40,0.14634146341463414,0.15,0.14814814814814814
3,40,0.375,0.225,0.28125000000000006
4,40,0.41935483870967744,0.325,0.36619718309859156
5,40,0.24561403508771928,0.7,0.3636363636363636
6,40,0.7142857142857143,0.25,0.37037037037037035
