class_id,support,precision,recall,f1
0,64,0.46774193548387094,0.453125,0.4603174603174603
1,64,0.5076923076923077,0.515625,0.5116279069767442
2,64,0.4084507042253521,0.453125,0.42962962962962964
3,64,0.3492063492063492,0.34375,0.3464566929133858
4,64,0.36,0.28125,0.3157894736842105
5,64,0.2962962962962963,0.25,0.2711864406779661
6,64,0.39759036144578314,0.515625,0.44897959183673464
