class_id,support,precision,recall,f1
0,40,0.5111111111111111,0.575,0.5411764705882353
1,40,0.6578947368421053,0.625,0.6410256410256411
2,40,0.23529411764705882,0.2,0.2162162162162162
3,40,0.3333333333333333,0.3,0.3157894736842105
4,40,0.3103448275862069,0.225,0.2608695652173913
5,40,0.4418604651162791,0.475,0.4578313253012048
6,40,0.2,0.275,0.23157894736842108
