class_id,support,precision,recall,f1
0,40,0.7317073170731707,0.75,0.7407407407407408
1,40,0.8823529411764706,0.75,0.8108108108108107
2,40,0.34545454545454546,0.475,0.4
3,40,0.6666666666666666,0.55,0.6027397260273972
4,40,0.48936170212765956,0.575,0.5287356321839081
5,40,0.7837837837837838,0.725,0.7532467532467533
6,40,0.8181818181818182,0.675,0.7397260273972603
