class_id,support,precision,recall,f1
0,64,0.75,0.65625,0.7
1,64,0.7878787878787878,0.8125,0.8
2,64,0.7192982456140351,0.640625,0.6776859504132231
3,64,0.6823529411764706,0.90625,0.7785234899328859
4,64,0.7719298245614035,0.6875,0.7272727272727273
5,64,0.7096774193548387,0.6875,0.6984126984126984
6,64,0.8307692307692308,0.84375,0.8372093023255814
