class_id,support,precision,recall,f1
0,40,0.047619047619047616,0.05,0.04878048780487805
1,40,0.24489795918367346,0.3,0.2696629213483146
2,40,0.08695652173913043,0.05,0.0634920634920635
3,40,0.13636363636363635,0.15,0.14285714285714282
4,40,0.07692307692307693,0.025,0.03773584905660378
5,40,0.0967741935483871,0.075,0.08450704225352113
6,40,0.11538461538461539,0.225,0.15254237288135594
