class_id,support,precision,recall,f1
0,40,0.5111111111111111,0.575,0.5411764705882353
1,40,0.5357142857142857,0.375,0.44117647058823534
2,40,0.3148148148148148,0.425,0.3617021276595745
3,40,0.6052631578947368,0.575,0.5897435897435896
4,40,0.35555555555555557,0.4,0.3764705882352941
5,40,0.5161290322580645,0.4,0.4507042253521127
6,40,0.5897435897435898,0.575,0.5822784810126582
