class_id,support,precision,recall,f1
0,40,0.08771929824561403,0.125,0.10309278350515463
1,40,0.0,0.0,0.0
2,40,0.18461538461538463,0.3,0.2285714285714286
3,40,0.0,0.0,0.0
4,40,0.13934426229508196,0.425,0.20987654320987653
5,40,0.0,0.0,0.0
6,40,0.1111111111111111,0.1,0.10526315789473685
