class_id,support,precision,recall,f1
0,80,0.5161290322580645,0.4,0.4507042253521127
1,80,0.7090909090909091,0.4875,0.5777777777777778
2,80,0.27722772277227725,0.35,0.30939226519337015
3,80,0.41379310344827586,0.15,0.22018348623853212
4,80,0.44680851063829785,0.2625,0.3307086614173228
5,80,0.28717948717948716,0.7,0.40727272727272723
6,80,0.5070422535211268,0.45,0.4768211920529802
