class_id,support,precision,recall,f1
0,40,0.875,0.175,0.29166666666666663
1,40,0.7837837837837838,0.725,0.7532467532467533
2,40,0.02702702702702703,0.025,0.025974025974025976
3,40,0.3695652173913043,0.425,0.3953488372093023
4,40,0.3076923076923077,0.2,0.24242424242424246
5,40,0.22857142857142856,0.4,0.2909090909090909
6,40,0.07142857142857142,0.1,0.08333333333333333
