class_id,support,precision,recall,f1
0,64,0.6986301369863014,0.796875,0.7445255474452555
1,64,0.7846153846153846,0.796875,0.7906976744186046
2,64,0.8163265306122449,0.625,0.7079646017699115
3,64,0.7435897435897436,0.90625,0.8169014084507042
4,64,0.7936507936507936,0.78125,0.7874015748031497
5,64,0.864406779661017,0.796875,0.8292682926829269
6,64,0.8852459016393442,0.84375,0.864
