class_id,support,precision,recall,f1
0,40,0.48717948717948717,0.475,0.4810126582278481
1,40,0.6739130434782609,0.775,0.7209302325581396
2,40,0.22857142857142856,0.2,0.21333333333333332
3,40,0.5517241379310345,0.4,0.463768115942029
4,40,0.14705882352941177,0.125,0.13513513513513511
5,40,0.3764705882352941,0.8,0.512
6,40,0.6666666666666666,0.2,0.30769230769230765
