class_id,support,precision,recall,f1
0,40,0.5,0.675,0.574468085106383
1,40,0.48214285714285715,0.675,0.5625
2,40,0.27692307692307694,0.45,0.34285714285714286
3,40,0.30434782608695654,0.175,0.2222222222222222
4,40,0.47368421052631576,0.225,0.30508474576271183
5,40,0.39215686274509803,0.5,0.4395604395604396
6,40,0.75,0.225,0.3461538461538462
