class_id,support,precision,recall,f1
0,80,0.3392857142857143,0.2375,0.2794117647058824
1,80,0.3333333333333333,0.1625,0.2184873949579832
2,80,0.2605042016806723,0.3875,0.31155778894472363
3,80,0.5952380952380952,0.3125,0.4098360655737705
4,80,0.2631578947368421,0.25,0.25641025641025644
5,80,0.34814814814814815,0.5875,0.43720930232558136
6,80,0.4946236559139785,0.575,0.5317919075144508
