class_id,support,precision,recall,f1
0,64,0.2328767123287671,0.265625,0.24817518248175183
1,64,0.20512820512820512,0.125,0.1553398058252427
2,64,0.21568627450980393,0.34375,0.26506024096385544
3,64,0.20253164556962025,0.25,0.22377622377622378
4,64,0.32786885245901637,0.3125,0.32
5,64,0.15384615384615385,0.0625,0.08888888888888889
6,64,0.29411764705882354,0.3125,0.30303030303030304
