class_id,support,precision,recall,f1
0,40,0.4482758620689655,0.65,0.5306122448979592
1,40,0.8666666666666667,0.325,0.4727272727272728
2,40,0.22033898305084745,0.325,0.2626262626262626
3,40,0.48,0.3,0.3692307692307692
4,40,0.3064516129032258,0.475,0.37254901960784315
5,40,0.43333333333333335,0.325,0.37142857142857144
6,40,0.5483870967741935,0.425,0.47887323943661964
