class_id,support,precision,recall,f1
0,64,0.8088235294117647,0.859375,0.8333333333333333
1,64,0.859375,0.859375,0.859375
2,64,0.7368421052631579,0.65625,0.6942148760330578
3,64,0.7971014492753623,0.859375,0.8270676691729324
4,64,0.6575342465753424,0.75,0.7007299270072993
5,64,0.7407407407407407,0.625,0.6779661016949152
6,64,0.9206349206349206,0.90625,0.9133858267716536
