class_id,support,precision,recall,f1
0,40,0.5,0.6,0.5454545454545454
1,40,0.7727272727272727,0.425,0.5483870967741935
2,40,0.30357142857142855,0.425,0.35416666666666663
3,40,0.6046511627906976,0.65,0.6265060240963854
4,40,0.3137254901960784,0.4,0.3516483516483516
5,40,0.44,0.275,0.3384615384615385
6,40,0.6,0.525,0.56
