class_id,support,precision,recall,f1
0,40,0.4146341463414634,0.425,0.41975308641975306
1,40,0.5352112676056338,0.95,0.6846846846846846
2,40,0.2835820895522388,0.475,0.35514018691588783
3,40,0.6111111111111112,0.275,0.3793103448275862
4,40,0.3333333333333333,0.1,0.15384615384615383
5,40,0.9473684210526315,0.45,0.6101694915254237
6,40,0.5,0.65,0.5652173913043479
