class_id,support,precision,recall,f1
0,64,0.7758620689655172,0.703125,0.7377049180327868
1,64,0.8208955223880597,0.859375,0.8396946564885497
2,64,0.6774193548387096,0.65625,0.6666666666666667
3,64,0.7313432835820896,0.765625,0.748091603053435
4,64,0.7454545454545455,0.640625,0.6890756302521008
5,64,0.7083333333333334,0.796875,0.7499999999999999
6,64,0.8656716417910447,0.90625,0.8854961832061069
