class_id,support,precision,recall,f1
0,64,0.11594202898550725,0.25,0.15841584158415842
1,64,0.24074074074074073,0.203125,0.22033898305084745
2,64,0.224,0.4375,0.29629629629629634
3,64,0.3103448275862069,0.140625,0.1935483870967742
4,64,0.4444444444444444,0.375,0.4067796610169491
5,64,0.0,0.0,0.0
6,64,0.22727272727272727,0.15625,0.18518518518518515
