class_id,support,precision,recall,f1
0,64,0.7580645161290323,0.734375,0.7460317460317459
1,64,0.7903225806451613,0.765625,0.7777777777777778
2,64,0.5205479452054794,0.59375,0.5547445255474454
3,64,0.7540983606557377,0.71875,0.7359999999999999
4,64,0.7916666666666666,0.59375,0.6785714285714286
5,64,0.6891891891891891,0.796875,0.7391304347826088
6,64,0.8088235294117647,0.859375,0.8333333333333333
