class_id,support,precision,recall,f1
0,64,0.6282051282051282,0.765625,0.6901408450704225
1,64,0.7368421052631579,0.65625,0.6942148760330578
2,64,0.8095238095238095,0.53125,0.6415094339622642
3,64,0.7402597402597403,0.890625,0.8085106382978724
4,64,0.7636363636363637,0.65625,0.7058823529411765
5,64,0.6052631578947368,0.71875,0.6571428571428571
6,64,0.7936507936507936,0.78125,0.7874015748031497
