class_id,support,precision,recall,f1
0,40,0.3064516129032258,0.475,0.37254901960784315
1,40,0.4444444444444444,0.2,0.2758620689655173
2,40,0.14666666666666667,0.275,0.19130434782608696
3,40,0.3333333333333333,0.2,0.25
4,40,0.14285714285714285,0.075,0.0983606557377049
5,40,0.3469387755102041,0.425,0.38202247191011235
6,40,0.2903225806451613,0.225,0.2535211267605634
