class_id,support,precision,recall,f1
0,80,0.36923076923076925,0.3,0.3310344827586207
1,80,0.4339622641509434,0.2875,0.3458646616541353
2,80,0.2896551724137931,0.525,0.37333333333333335
3,80,0.4411764705882353,0.375,0.4054054054054054
4,80,0.3,0.15,0.2
5,80,0.34814814814814815,0.5875,0.43720930232558136
6,80,0.42592592592592593,0.2875,0.34328358208955223
