class_id,support,precision,recall,f1
0,40,0.15384615384615385,0.05,0.07547169811320756
1,40,0.07142857142857142,0.025,0.03703703703703704
2,40,0.20909090909090908,0.575,0.30666666666666664
3,40,0.10810810810810811,0.1,0.1038961038961039
4,40,0.0,0.0,0.0
5,40,0.09375,0.075,0.08333333333333331
6,40,0.06557377049180328,0.1,0.07920792079207922
