class_id,support,precision,recall,f1
0,40,0.3235294117647059,0.275,0.2972972972972973
1,40,0.08333333333333333,0.05,0.0625
2,40,0.2653061224489796,0.325,0.29213483146067415
3,40,0.20689655172413793,0.3,0.24489795918367346
4,40,0.2857142857142857,0.15,0.1967213114754098
5,40,0.125,0.075,0.09374999999999999
6,40,0.11428571428571428,0.2,0.14545454545454545
