class_id,support,precision,recall,f1
0,40,0.3888888888888889,0.175,0.24137931034482757
1,40,0.7058823529411765,0.3,0.42105263157894735
2,40,0.16666666666666666,0.075,0.10344827586206896
3,40,0.3333333333333333,0.4,0.3636363636363636
4,40,0.15789473684210525,0.15,0.15384615384615385
5,40,0.32,0.2,0.24615384615384614
6,40,0.1810344827586207,0.525,0.2692307692307692
