class_id,support,precision,recall,f1
0,40,0.8205128205128205,0.8,0.810126582278481
1,40,0.8048780487804879,0.825,0.8148148148148149
2,40,0.3333333333333333,0.15,0.20689655172413793
3,40,0.48936170212765956,0.575,0.5287356321839081
4,40,0.44642857142857145,0.625,0.5208333333333334
5,40,0.68,0.85,0.7555555555555556
6,40,0.6551724137931034,0.475,0.5507246376811594
