class_id,support,precision,recall,f1
0,64,0.7538461538461538,0.765625,0.7596899224806202
1,64,0.8153846153846154,0.828125,0.8217054263565892
2,64,0.76,0.59375,0.6666666666666666
3,64,0.7837837837837838,0.90625,0.8405797101449275
4,64,0.7719298245614035,0.6875,0.7272727272727273
5,64,0.746268656716418,0.78125,0.7633587786259542
6,64,0.8428571428571429,0.921875,0.880597014925373
