class_id,support,precision,recall,f1
0,64,0.3793103448275862,0.34375,0.36065573770491804
1,64,0.4027777777777778,0.453125,0.4264705882352941
2,64,0.4393939393939394,0.453125,0.4461538461538461
3,64,0.4090909090909091,0.5625,0.47368421052631576
4,64,0.49056603773584906,0.40625,0.4444444444444444
5,64,0.44680851063829785,0.328125,0.3783783783783784
6,64,0.625,0.625,0.625
