class_id,support,precision,recall,f1
0,80,0.5757575757575758,0.7125,0.6368715083798883
1,80,0.9230769230769231,0.45,0.6050420168067228
2,80,0.22023809523809523,0.4625,0.29838709677419356
3,80,0.5151515151515151,0.2125,0.30088495575221236
4,80,0.0,0.0,0.0
5,80,0.3409090909090909,0.5625,0.42452830188679247
6,80,0.37662337662337664,0.3625,0.36942675159235666
