class_id,support,precision,recall,f1
0,40,0.5098039215686274,0.65,0.5714285714285715
1,40,0.5609756097560976,0.575,0.5679012345679012
2,40,0.2,0.25,0.22222222222222224
3,40,0.391304347826087,0.45,0.4186046511627907
4,40,0.19230769230769232,0.125,0.15151515151515152
5,40,0.40476190476190477,0.425,0.41463414634146345
6,40,0.9583333333333334,0.575,0.71875
