class_id,support,precision,recall,f1
0,64,0.746268656716418,0.78125,0.7633587786259542
1,64,0.7878787878787878,0.8125,0.8
2,64,0.6363636363636364,0.546875,0.5882352941176472
3,64,0.76,0.890625,0.8201438848920863
4,64,0.7288135593220338,0.671875,0.6991869918699187
5,64,0.6923076923076923,0.703125,0.6976744186046512
6,64,0.8360655737704918,0.796875,0.816
