class_id,support,precision,recall,f1
0,40,0.14,0.35,0.2
1,40,0.17647058823529413,0.075,0.10526315789473684
2,40,0.06666666666666667,0.075,0.07058823529411765
3,40,0.125,0.025,0.04166666666666667
4,40,0.12121212121212122,0.1,0.10958904109589042
5,40,0.041666666666666664,0.025,0.03125
6,40,0.20754716981132076,0.275,0.23655913978494625
