class_id,support,precision,recall,f1
0,40,0.6896551724137931,0.5,0.5797101449275363
1,40,0.6388888888888888,0.575,0.6052631578947367
2,40,0.22535211267605634,0.4,0.2882882882882883
3,40,0.6,0.375,0.4615384615384615
4,40,0.17647058823529413,0.075,0.10526315789473684
5,40,0.6585365853658537,0.675,0.6666666666666667
6,40,0.5409836065573771,0.825,0.6534653465346534
