class_id,support,precision,recall,f1
0,40,0.6666666666666666,0.8,0.7272727272727272
1,40,0.7727272727272727,0.85,0.8095238095238095
2,40,0.3157894736842105,0.3,0.3076923076923077
3,40,0.4318181818181818,0.475,0.4523809523809524
4,40,0.2608695652173913,0.15,0.19047619047619047
5,40,0.49206349206349204,0.775,0.6019417475728155
6,40,0.65,0.325,0.43333333333333335
