class_id,support,precision,recall,f1
0,64,0.796875,0.796875,0.796875
1,64,0.8088235294117647,0.859375,0.8333333333333333
2,64,0.6,0.515625,0.5546218487394958
3,64,0.5614035087719298,0.5,0.5289256198347108
4,64,0.6491228070175439,0.578125,0.6115702479338843
5,64,0.609375,0.609375,0.609375
6,64,0.5542168674698795,0.71875,0.6258503401360545
