class_id,support,precision,recall,f1
0,40,0.4,0.7,0.509090909090909
1,40,0.4444444444444444,0.4,0.4210526315789474
2,40,0.2391304347826087,0.275,0.2558139534883721
3,40,0.5925925925925926,0.4,0.4776119402985075
4,40,0.4,0.15,0.21818181818181814
5,40,0.3387096774193548,0.525,0.4117647058823529
6,40,0.5833333333333334,0.35,0.4375
