class_id,support,precision,recall,f1
0,64,0.7796610169491526,0.71875,0.7479674796747967
1,64,0.8208955223880597,0.859375,0.8396946564885497
2,64,0.7777777777777778,0.65625,0.711864406779661
3,64,0.7536231884057971,0.8125,0.7819548872180452
4,64,0.734375,0.734375,0.734375
5,64,0.6527777777777778,0.734375,0.6911764705882354
6,64,0.9047619047619048,0.890625,0.8976377952755906
