class_id,support,precision,recall,f1
0,64,0.828125,0.828125,0.828125
1,64,0.835820895522388,0.875,0.8549618320610687
2,64,0.3384615384615385,0.34375,0.34108527131782945
3,64,0.5,0.390625,0.43859649122807015
4,64,0.46808510638297873,0.34375,0.39639639639639634
5,64,0.5342465753424658,0.609375,0.5693430656934307
6,64,0.5365853658536586,0.6875,0.6027397260273972
