class_id,support,precision,recall,f1
0,40,0.52,0.65,0.5777777777777778
1,40,0.6818181818181818,0.75,0.7142857142857143
2,40,0.2857142857142857,0.3,0.2926829268292683
3,40,0.6,0.45,0.5142857142857143
4,40,0.46875,0.375,0.4166666666666667
5,40,0.5645161290322581,0.875,0.6862745098039217
6,40,0.75,0.375,0.5
