class_id,support,precision,recall,f1
0,40,0.5098039215686274,0.65,0.5714285714285715
1,40,0.6875,0.275,0.3928571428571429
2,40,0.22448979591836735,0.275,0.24719101123595505
3,40,0.42857142857142855,0.3,0.3529411764705882
4,40,0.323943661971831,0.575,0.41441441441441446
5,40,0.4117647058823529,0.35,0.37837837837837834
6,40,0.5483870967741935,0.425,0.47887323943661964
