class_id,support,precision,recall,f1
0,40,0.21739130434782608,0.25,0.23255813953488372
1,40,0.18421052631578946,0.175,0.1794871794871795
2,40,0.1724137931034483,0.125,0.14492753623188406
3,40,0.08823529411764706,0.15,0.11111111111111112
4,40,0.11764705882352941,0.1,0.1081081081081081
5,40,0.16666666666666666,0.15,0.15789473684210525
6,40,0.1724137931034483,0.125,0.14492753623188406
