class_id,support,precision,recall,f1
0,64,0.6984126984126984,0.6875,0.6929133858267716
1,64,0.7746478873239436,0.859375,0.8148148148148148
2,64,0.6851851851851852,0.578125,0.6271186440677967
3,64,0.7936507936507936,0.78125,0.7874015748031497
4,64,0.6923076923076923,0.703125,0.6976744186046512
5,64,0.6825396825396826,0.671875,0.6771653543307087
6,64,0.8405797101449275,0.90625,0.8721804511278196
