class_id,support,precision,recall,f1
0,64,0.7678571428571429,0.671875,0.7166666666666668
1,64,0.7432432432432432,0.859375,0.7971014492753623
2,64,0.6875,0.515625,0.5892857142857143
3,64,0.7536231884057971,0.8125,0.7819548872180452
4,64,0.71875,0.71875,0.71875
5,64,0.6307692307692307,0.640625,0.6356589147286822
6,64,0.7916666666666666,0.890625,0.8382352941176471
