class_id,support,precision,recall,f1
0,64,0.8305084745762712,0.765625,0.7967479674796748
1,64,0.8333333333333334,0.859375,0.8461538461538461
2,64,0.8125,0.609375,0.6964285714285714
3,64,0.8059701492537313,0.84375,0.8244274809160305
4,64,0.7236842105263158,0.859375,0.7857142857142857
5,64,0.6984126984126984,0.6875,0.6929133858267716
6,64,0.8985507246376812,0.96875,0.9323308270676692
