class_id,support,precision,recall,f1
0,64,0.8181818181818182,0.84375,0.8307692307692308
1,64,0.8928571428571429,0.78125,0.8333333333333334
2,64,0.6229508196721312,0.59375,0.608
3,64,0.7142857142857143,0.859375,0.7801418439716311
4,64,0.6716417910447762,0.703125,0.6870229007633589
5,64,0.7833333333333333,0.734375,0.7580645161290323
6,64,0.9016393442622951,0.859375,0.88
