class_id,support,precision,recall,f1
0,80,0.0,0.0,0.0
1,80,0.0,0.0,0.0
2,80,0.08888888888888889,0.1,0.09411764705882353
3,80,0.42857142857142855,0.1125,0.1782178217821782
4,80,0.12218649517684887,0.475,0.19437340153452687
5,80,0.2413793103448276,0.0875,0.12844036697247707
6,80,0.03125,0.0375,0.03409090909090909
