class_id,support,precision,recall,f1
0,64,0.8,0.8125,0.8062015503875969
1,64,0.8307692307692308,0.84375,0.8372093023255814
2,64,0.7037037037037037,0.59375,0.6440677966101694
3,64,0.7534246575342466,0.859375,0.8029197080291972
4,64,0.8125,0.8125,0.8125
5,64,0.7692307692307693,0.78125,0.7751937984496126
6,64,0.8064516129032258,0.78125,0.7936507936507936
