class_id,support,precision,recall,f1
0,64,0.7741935483870968,0.75,0.7619047619047619
1,64,0.7941176470588235,0.84375,0.8181818181818182
2,64,0.6981132075471698,0.578125,0.6324786324786325
3,64,0.7108433734939759,0.921875,0.8027210884353742
4,64,0.7758620689655172,0.703125,0.7377049180327868
5,64,0.7166666666666667,0.671875,0.6935483870967741
6,64,0.875,0.875,0.875
