class_id,support,precision,recall,f1
0,64,0.2972972972972973,0.34375,0.3188405797101449
1,64,0.27380952380952384,0.359375,0.31081081081081086
2,64,0.4339622641509434,0.359375,0.3931623931623932
3,64,0.5573770491803278,0.53125,0.544
4,64,0.5272727272727272,0.453125,0.48739495798319327
5,64,0.27450980392156865,0.21875,0.24347826086956523
6,64,0.5571428571428572,0.609375,0.582089552238806
