class_id,support,precision,recall,f1
0,64,0.7066666666666667,0.828125,0.762589928057554
1,64,0.8,0.8125,0.8062015503875969
2,64,0.4788732394366197,0.53125,0.5037037037037037
3,64,0.8135593220338984,0.75,0.7804878048780488
4,64,0.5740740740740741,0.484375,0.5254237288135594
5,64,0.6142857142857143,0.671875,0.6417910447761194
6,64,0.8333333333333334,0.703125,0.7627118644067796
