class_id,support,precision,recall,f1
0,40,0.6170212765957447,0.725,0.6666666666666666
1,40,0.7021276595744681,0.825,0.7586206896551724
2,40,0.36363636363636365,0.3,0.32876712328767127
3,40,0.391304347826087,0.45,0.4186046511627907
4,40,0.3333333333333333,0.225,0.26865671641791045
5,40,0.5172413793103449,0.75,0.6122448979591838
6,40,0.45454545454545453,0.25,0.3225806451612903
