class_id,support,precision,recall,f1
0,40,0.4230769230769231,0.55,0.47826086956521735
1,40,0.5555555555555556,0.625,0.5882352941176471
2,40,0.34375,0.275,0.3055555555555556
3,40,0.5517241379310345,0.4,0.463768115942029
4,40,0.48484848484848486,0.4,0.4383561643835617
5,40,0.4444444444444444,0.6,0.5106382978723405
6,40,0.6,0.525,0.56
