class_id,support,precision,recall,f1
0,64,0.8103448275862069,0.734375,0.7704918032786885
1,64,0.8181818181818182,0.84375,0.8307692307692308
2,64,0.711864406779661,0.65625,0.6829268292682927
3,64,0.7878787878787878,0.8125,0.8
4,64,0.7538461538461538,0.765625,0.7596899224806202
5,64,0.7727272727272727,0.796875,0.7846153846153846
6,64,0.8823529411764706,0.9375,0.9090909090909091
