class_id,support,precision,recall,f1
0,40,0.1,0.1,0.10000000000000002
1,40,0.047619047619047616,0.05,0.04878048780487805
2,40,0.1590909090909091,0.175,0.16666666666666666
3,40,0.19230769230769232,0.125,0.15151515151515152
4,40,0.08571428571428572,0.075,0.08
5,40,0.03773584905660377,0.05,0.04301075268817204
6,40,0.2,0.2,0.20000000000000004
