class_id,support,precision,recall,f1
0,40,0.5,0.3,0.37499999999999994
1,40,0.675,0.675,0.675
2,40,0.22105263157894736,0.525,0.31111111111111106
3,40,0.3157894736842105,0.15,0.20338983050847456
4,40,0.21428571428571427,0.075,0.1111111111111111
5,40,0.32608695652173914,0.375,0.3488372093023256
6,40,0.5,0.525,0.5121951219512195
