class_id,support,precision,recall,f1
0,64,0.7666666666666667,0.71875,0.7419354838709677
1,64,0.7681159420289855,0.828125,0.7969924812030075
2,64,0.5384615384615384,0.4375,0.4827586206896552
3,64,0.5,0.5625,0.5294117647058824
4,64,0.5961538461538461,0.484375,0.5344827586206896
5,64,0.5223880597014925,0.546875,0.5343511450381679
6,64,0.5921052631578947,0.703125,0.6428571428571428
