class_id,support,precision,recall,f1
0,64,0.7205882352941176,0.765625,0.7424242424242423
1,64,0.8095238095238095,0.796875,0.8031496062992126
2,64,0.676923076923077,0.6875,0.6821705426356589
3,64,0.765625,0.765625,0.765625
4,64,0.7241379310344828,0.65625,0.6885245901639345
5,64,0.7301587301587301,0.71875,0.7244094488188977
6,64,0.8656716417910447,0.90625,0.8854961832061069
