class_id,support,precision,recall,f1
0,40,0.5,0.15,0.23076923076923075
1,40,0.6296296296296297,0.425,0.5074626865671642
2,40,0.23529411764705882,0.1,0.14035087719298245
3,40,0.3389830508474576,0.5,0.40404040404040403
4,40,0.0,0.0,0.0
5,40,0.3181818181818182,0.175,0.22580645161290322
6,40,0.18032786885245902,0.55,0.271604938271605
