class_id,support,precision,recall,f1
0,64,0.8253968253968254,0.8125,0.8188976377952756
1,64,0.864406779661017,0.796875,0.8292682926829269
2,64,0.6226415094339622,0.515625,0.564102564102564
3,64,0.6590909090909091,0.90625,0.763157894736842
4,64,0.7454545454545455,0.640625,0.6890756302521008
5,64,0.6818181818181818,0.703125,0.6923076923076923
6,64,0.875,0.875,0.875
