class_id,support,precision,recall,f1
0,40,0.6756756756756757,0.625,0.6493506493506493
1,40,0.6285714285714286,0.55,0.5866666666666667
2,40,0.3617021276595745,0.425,0.39080459770114945
3,40,0.5641025641025641,0.55,0.5569620253164557
4,40,0.3076923076923077,0.1,0.15094339622641512
5,40,0.5384615384615384,0.525,0.5316455696202531
6,40,0.44285714285714284,0.775,0.5636363636363636
