class_id,support,precision,recall,f1
0,40,0.5151515151515151,0.425,0.4657534246575342
1,40,0.5,0.825,0.6226415094339622
2,40,0.3448275862068966,0.5,0.40816326530612246
3,40,0.36363636363636365,0.2,0.25806451612903225
4,40,0.2222222222222222,0.1,0.13793103448275865
5,40,0.7692307692307693,0.5,0.6060606060606061
6,40,0.2982456140350877,0.425,0.35051546391752575
